Country Code,Country,Region,SubRegion,IncomeGroup,IncomeGroupFR,Year,LifeExpectancy,U5Mortality,MaternalMortality,FertilityRate,PrimaryEnrollment,AdultLiteracy,ElectricityAccess,WaterAccess,SanitationAccess,GDPperCapita,Population,InternetUsers,GDPperCapita_k
DZA,Algeria,Middle East & North Africa,Afrique du Nord,Upper middle income,Revenu intermédiaire (tranche sup.),2000,70.6,41.7,123.0,2.59,109.7,,98.6,89.0,84.5,1773.0,30903893.0,0.5,1.77
DZA,Algeria,Middle East & North Africa,Afrique du Nord,Upper middle income,Revenu intermédiaire (tranche sup.),2001,71.0,40.2,113.0,2.52,109.0,,98.6,89.2,84.8,1896.0,31331221.0,0.6,1.9
DZA,Algeria,Middle East & North Africa,Afrique du Nord,Upper middle income,Revenu intermédiaire (tranche sup.),2002,71.6,38.6,102.0,2.43,110.7,69.9,98.6,89.3,85.0,1937.0,31750835.0,1.6,1.94
DZA,Algeria,Middle East & North Africa,Afrique du Nord,Upper middle income,Revenu intermédiaire (tranche sup.),2003,71.9,37.0,101.0,2.45,111.4,,98.6,89.5,85.3,2284.0,32175818.0,2.2,2.28
DZA,Algeria,Middle East & North Africa,Afrique du Nord,Upper middle income,Revenu intermédiaire (tranche sup.),2004,72.5,35.4,91.0,2.5,111.7,,98.6,89.7,85.6,2817.0,32628286.0,4.6,2.82
DZA,Algeria,Middle East & North Africa,Afrique du Nord,Upper middle income,Revenu intermédiaire (tranche sup.),2005,72.8,33.9,87.0,2.56,112.4,,98.6,89.9,85.8,3233.0,33109249.0,5.8,3.23
DZA,Algeria,Middle East & North Africa,Afrique du Nord,Upper middle income,Revenu intermédiaire (tranche sup.),2006,73.1,32.5,84.0,2.63,112.1,72.7,98.7,90.0,86.1,3661.0,33623506.0,7.4,3.66
DZA,Algeria,Middle East & North Africa,Afrique du Nord,Upper middle income,Revenu intermédiaire (tranche sup.),2007,73.3,31.2,83.0,2.7,112.3,,98.7,90.2,86.3,4167.0,34189416.0,9.5,4.17
DZA,Algeria,Middle East & North Africa,Afrique du Nord,Upper middle income,Revenu intermédiaire (tranche sup.),2008,73.6,30.1,83.0,2.78,110.9,75.1,99.3,90.3,86.5,5181.0,34816961.0,10.2,5.18
DZA,Algeria,Middle East & North Africa,Afrique du Nord,Upper middle income,Revenu intermédiaire (tranche sup.),2009,73.9,29.0,83.0,2.82,113.5,,98.8,90.5,86.8,4235.0,35490445.0,11.2,4.24
DZA,Algeria,Middle East & North Africa,Afrique du Nord,Upper middle income,Revenu intermédiaire (tranche sup.),2010,74.1,28.1,82.0,2.88,113.8,,98.9,90.6,87.0,4913.0,36188236.0,12.5,4.91
DZA,Algeria,Middle East & North Africa,Afrique du Nord,Upper middle income,Revenu intermédiaire (tranche sup.),2011,74.4,27.3,81.0,2.9,112.7,,99.0,90.8,87.2,5916.0,36903376.0,14.9,5.92
DZA,Algeria,Middle East & North Africa,Afrique du Nord,Upper middle income,Revenu intermédiaire (tranche sup.),2012,74.6,26.6,81.0,3.0,112.1,,98.8,91.0,87.1,6034.0,37646166.0,18.2,6.03
DZA,Algeria,Middle East & North Africa,Afrique du Nord,Upper middle income,Revenu intermédiaire (tranche sup.),2013,74.8,25.9,81.0,3.0,112.3,,99.2,91.1,87.0,5980.0,38414171.0,22.5,5.98
DZA,Algeria,Middle East & North Africa,Afrique du Nord,Upper middle income,Revenu intermédiaire (tranche sup.),2014,75.0,25.4,80.0,3.08,111.1,,99.3,91.3,86.9,6095.0,39205031.0,29.5,6.1
DZA,Algeria,Middle East & North Africa,Afrique du Nord,Upper middle income,Revenu intermédiaire (tranche sup.),2015,75.2,24.9,79.0,3.09,109.6,,99.4,91.4,86.7,4685.0,40019529.0,38.2,4.68
DZA,Algeria,Middle East & North Africa,Afrique du Nord,Upper middle income,Revenu intermédiaire (tranche sup.),2016,75.3,24.5,79.0,3.09,109.1,,99.4,91.6,86.6,4425.0,40850721.0,42.9,4.42
DZA,Algeria,Middle East & North Africa,Afrique du Nord,Upper middle income,Revenu intermédiaire (tranche sup.),2017,75.4,24.0,77.0,3.09,108.1,,99.5,91.7,86.5,4555.0,41689299.0,47.7,4.56
DZA,Algeria,Middle East & North Africa,Afrique du Nord,Upper middle income,Revenu intermédiaire (tranche sup.),2018,75.6,23.7,75.0,3.02,107.1,,99.6,91.9,86.3,4577.0,42505035.0,49.0,4.58
DZA,Algeria,Middle East & North Africa,Afrique du Nord,Upper middle income,Revenu intermédiaire (tranche sup.),2019,75.7,23.3,73.0,3.0,106.1,,99.5,92.0,86.1,4468.0,43294546.0,55.8,4.47
DZA,Algeria,Middle East & North Africa,Afrique du Nord,Upper middle income,Revenu intermédiaire (tranche sup.),2020,73.3,22.9,97.0,2.94,108.5,,99.7,92.1,86.0,3744.0,44042091.0,63.5,3.74
DZA,Algeria,Middle East & North Africa,Afrique du Nord,Upper middle income,Revenu intermédiaire (tranche sup.),2021,75.2,22.6,79.0,2.87,104.7,,99.8,92.3,85.8,4161.0,44761099.0,72.2,4.16
DZA,Algeria,Middle East & North Africa,Afrique du Nord,Upper middle income,Revenu intermédiaire (tranche sup.),2022,76.1,22.3,64.0,2.82,105.7,,100.0,92.3,85.8,4960.0,45477389.0,74.8,4.96
DZA,Algeria,Middle East & North Africa,Afrique du Nord,Upper middle income,Revenu intermédiaire (tranche sup.),2023,76.3,22.0,62.0,2.77,105.8,,100.0,92.4,85.9,5370.0,46164219.0,76.2,5.37
AGO,Angola,Sub-Saharan Africa,Afrique centrale,Lower middle income,Revenu intermédiaire (tranche inf.),2000,46.5,185.0,659.0,6.64,106.3,,24.2,37.8,33.8,564.0,16194869.0,0.1,0.56
AGO,Angola,Sub-Saharan Africa,Afrique centrale,Lower middle income,Revenu intermédiaire (tranche inf.),2001,47.0,176.3,629.0,6.6,106.3,67.4,20.0,38.3,34.3,534.0,16747208.0,0.1,0.53
AGO,Angola,Sub-Saharan Africa,Afrique centrale,Lower middle income,Revenu intermédiaire (tranche inf.),2002,47.9,166.4,602.0,6.57,106.3,,26.3,38.8,34.7,999.0,17327699.0,0.3,1.0
AGO,Angola,Sub-Saharan Africa,Afrique centrale,Lower middle income,Revenu intermédiaire (tranche inf.),2003,50.2,155.5,538.0,6.53,106.3,,27.4,40.4,35.8,1134.0,17943712.0,0.4,1.13
AGO,Angola,Sub-Saharan Africa,Afrique centrale,Lower middle income,Revenu intermédiaire (tranche inf.),2004,51.1,143.7,499.0,6.5,106.3,,28.4,42.0,36.8,1451.0,18600423.0,0.5,1.45
AGO,Angola,Sub-Saharan Africa,Afrique centrale,Lower middle income,Revenu intermédiaire (tranche inf.),2005,52.1,131.5,462.0,6.46,106.3,,29.4,43.6,37.8,2146.0,19291161.0,1.1,2.15
AGO,Angola,Sub-Saharan Africa,Afrique centrale,Lower middle income,Revenu intermédiaire (tranche inf.),2006,53.0,119.8,437.0,6.42,106.3,,30.5,45.0,38.7,2930.0,20015279.0,1.5,2.93
AGO,Angola,Sub-Saharan Africa,Afrique centrale,Lower middle income,Revenu intermédiaire (tranche inf.),2007,54.2,109.0,401.0,6.37,106.3,,37.5,46.5,39.6,3515.0,20778561.0,1.7,3.52
AGO,Angola,Sub-Saharan Africa,Afrique centrale,Lower middle income,Revenu intermédiaire (tranche inf.),2008,55.3,99.2,372.0,6.32,113.3,,38.5,47.9,40.5,4578.0,21578655.0,1.9,4.58
AGO,Angola,Sub-Saharan Africa,Afrique centrale,Lower middle income,Revenu intermédiaire (tranche inf.),2009,56.2,90.7,348.0,6.26,112.3,,33.8,49.4,41.4,3645.0,22414773.0,2.3,3.64
AGO,Angola,Sub-Saharan Africa,Afrique centrale,Lower middle income,Revenu intermédiaire (tranche inf.),2010,57.2,83.4,321.0,6.19,113.9,,35.0,50.9,42.3,4102.0,23294825.0,2.8,4.1
AGO,Angola,Sub-Saharan Africa,Afrique centrale,Lower middle income,Revenu intermédiaire (tranche inf.),2011,58.1,77.2,301.0,6.12,128.4,,34.6,52.4,43.2,5184.0,24218352.0,4.7,5.18
AGO,Angola,Sub-Saharan Africa,Afrique centrale,Lower middle income,Revenu intermédiaire (tranche inf.),2012,58.9,72.0,278.0,6.04,126.4,,37.3,54.0,44.0,5702.0,25177394.0,7.7,5.7
AGO,Angola,Sub-Saharan Africa,Afrique centrale,Lower middle income,Revenu intermédiaire (tranche inf.),2013,59.7,67.9,267.0,5.95,124.5,,38.4,55.5,44.9,5689.0,26165620.0,13.0,5.69
AGO,Angola,Sub-Saharan Africa,Afrique centrale,Lower middle income,Revenu intermédiaire (tranche inf.),2014,60.4,64.5,262.0,5.86,122.5,66.0,32.0,57.1,45.8,5650.0,27160769.0,21.4,5.65
AGO,Angola,Sub-Saharan Africa,Afrique centrale,Lower middle income,Revenu intermédiaire (tranche inf.),2015,61.0,61.8,249.0,5.77,120.6,66.2,42.0,58.6,46.7,3642.0,28157798.0,22.0,3.64
AGO,Angola,Sub-Saharan Africa,Afrique centrale,Lower middle income,Revenu intermédiaire (tranche inf.),2016,61.6,59.6,236.0,5.69,115.4,,41.8,60.2,47.6,2082.0,29183070.0,23.2,2.08
AGO,Angola,Sub-Saharan Africa,Afrique centrale,Lower middle income,Revenu intermédiaire (tranche inf.),2017,62.1,57.9,220.0,5.6,110.1,,42.9,61.8,48.4,2832.0,30234839.0,26.0,2.83
AGO,Angola,Sub-Saharan Africa,Afrique centrale,Lower middle income,Revenu intermédiaire (tranche inf.),2018,62.6,56.5,208.0,5.52,104.9,,45.3,63.4,49.3,2892.0,31297155.0,29.0,2.89
AGO,Angola,Sub-Saharan Africa,Afrique centrale,Lower middle income,Revenu intermédiaire (tranche inf.),2019,63.1,55.3,202.0,5.44,99.7,,45.6,64.2,49.5,2508.0,32375632.0,32.1,2.51
AGO,Angola,Sub-Saharan Africa,Afrique centrale,Lower middle income,Revenu intermédiaire (tranche inf.),2020,63.1,54.2,195.0,5.37,94.5,,47.0,64.9,49.8,1749.0,33451132.0,33.3,1.75
AGO,Angola,Sub-Saharan Africa,Afrique centrale,Lower middle income,Revenu intermédiaire (tranche inf.),2021,63.0,53.2,211.0,5.3,89.2,,48.2,65.7,50.1,2267.0,34532429.0,34.6,2.27
AGO,Angola,Sub-Saharan Africa,Afrique centrale,Lower middle income,Revenu intermédiaire (tranche inf.),2022,64.2,51.9,185.0,5.21,88.0,,48.5,66.5,50.3,3599.0,35635029.0,35.8,3.6
AGO,Angola,Sub-Saharan Africa,Afrique centrale,Lower middle income,Revenu intermédiaire (tranche inf.),2023,64.6,50.5,183.0,5.12,86.7,68.2,51.1,67.2,50.3,2886.0,36749906.0,37.9,2.89
BEN,Benin,Sub-Saharan Africa,Afrique de l'Ouest,Lower middle income,Revenu intermédiaire (tranche inf.),2000,56.6,135.0,529.0,5.94,77.3,,21.5,61.1,8.5,487.0,7221619.0,0.2,0.49
BEN,Benin,Sub-Saharan Africa,Afrique de l'Ouest,Lower middle income,Revenu intermédiaire (tranche inf.),2001,56.7,131.7,532.0,5.85,84.5,,21.9,61.4,8.9,492.0,7445596.0,0.4,0.49
BEN,Benin,Sub-Saharan Africa,Afrique de l'Ouest,Lower middle income,Revenu intermédiaire (tranche inf.),2002,56.9,128.5,534.0,5.79,89.6,34.7,23.4,61.8,9.4,546.0,7675426.0,0.7,0.55
BEN,Benin,Sub-Saharan Africa,Afrique de l'Ouest,Lower middle income,Revenu intermédiaire (tranche inf.),2003,57.1,125.4,532.0,5.76,93.2,,24.3,62.2,9.8,676.0,7913070.0,1.0,0.68
BEN,Benin,Sub-Saharan Africa,Afrique de l'Ouest,Lower middle income,Revenu intermédiaire (tranche inf.),2004,57.3,122.5,531.0,5.72,97.0,,25.2,62.6,10.3,759.0,8159094.0,1.2,0.76
BEN,Benin,Sub-Saharan Africa,Afrique de l'Ouest,Lower middle income,Revenu intermédiaire (tranche inf.),2005,57.7,119.7,514.0,5.69,94.2,,26.1,63.0,10.8,779.0,8426144.0,1.3,0.78
BEN,Benin,Sub-Saharan Africa,Afrique de l'Ouest,Lower middle income,Revenu intermédiaire (tranche inf.),2006,58.0,117.0,509.0,5.67,94.3,,27.9,63.3,11.3,809.0,8693242.0,1.5,0.81
BEN,Benin,Sub-Saharan Africa,Afrique de l'Ouest,Lower middle income,Revenu intermédiaire (tranche inf.),2007,58.2,114.4,501.0,5.63,100.4,,28.0,63.7,11.8,912.0,8953969.0,1.8,0.91
BEN,Benin,Sub-Saharan Africa,Afrique de l'Ouest,Lower middle income,Revenu intermédiaire (tranche inf.),2008,58.1,112.0,563.0,5.55,106.5,,29.0,64.1,12.3,1061.0,9228466.0,1.8,1.06
BEN,Benin,Sub-Saharan Africa,Afrique de l'Ouest,Lower middle income,Revenu intermédiaire (tranche inf.),2009,58.3,109.7,598.0,5.49,111.4,,30.0,64.5,12.9,1024.0,9509423.0,2.2,1.02
BEN,Benin,Sub-Saharan Africa,Afrique de l'Ouest,Lower middle income,Revenu intermédiaire (tranche inf.),2010,58.4,107.4,607.0,5.45,112.8,,34.2,64.8,13.4,973.0,9797484.0,3.1,0.97
BEN,Benin,Sub-Saharan Africa,Afrique de l'Ouest,Lower middle income,Revenu intermédiaire (tranche inf.),2011,58.5,105.1,613.0,5.44,114.7,44.7,36.9,65.2,14.0,1059.0,10093623.0,4.1,1.06
BEN,Benin,Sub-Saharan Africa,Afrique de l'Ouest,Lower middle income,Revenu intermédiaire (tranche inf.),2012,58.6,102.9,618.0,5.43,118.5,,38.4,65.6,14.5,1072.0,10397657.0,4.5,1.07
BEN,Benin,Sub-Saharan Africa,Afrique de l'Ouest,Lower middle income,Revenu intermédiaire (tranche inf.),2013,58.9,100.6,607.0,5.41,119.4,45.1,34.7,65.9,15.1,1169.0,10708834.0,4.9,1.17
BEN,Benin,Sub-Saharan Africa,Afrique de l'Ouest,Lower middle income,Revenu intermédiaire (tranche inf.),2014,59.0,98.4,605.0,5.37,119.7,,34.1,66.3,15.7,1204.0,11030004.0,6.0,1.2
BEN,Benin,Sub-Saharan Africa,Afrique de l'Ouest,Lower middle income,Revenu intermédiaire (tranche inf.),2015,59.1,96.1,606.0,5.32,122.0,,29.6,66.6,16.3,1002.0,11360681.0,11.3,1.0
BEN,Benin,Sub-Saharan Africa,Afrique de l'Ouest,Lower middle income,Revenu intermédiaire (tranche inf.),2016,59.3,94.0,604.0,5.25,120.3,,37.0,67.0,16.9,1011.0,11697842.0,14.5,1.01
BEN,Benin,Sub-Saharan Africa,Afrique de l'Ouest,Lower middle income,Revenu intermédiaire (tranche inf.),2017,59.5,91.8,592.0,5.16,116.3,38.9,34.5,67.3,17.6,1055.0,12039780.0,18.7,1.06
BEN,Benin,Sub-Saharan Africa,Afrique de l'Ouest,Lower middle income,Revenu intermédiaire (tranche inf.),2018,59.7,89.4,585.0,5.03,111.8,,39.0,67.6,18.2,1152.0,12383347.0,19.0,1.15
BEN,Benin,Sub-Saharan Africa,Afrique de l'Ouest,Lower middle income,Revenu intermédiaire (tranche inf.),2019,59.9,87.0,572.0,4.9,106.8,49.0,40.0,68.0,18.8,1131.0,12726755.0,20.5,1.13
BEN,Benin,Sub-Saharan Africa,Afrique de l'Ouest,Lower middle income,Revenu intermédiaire (tranche inf.),2020,60.2,84.6,578.0,4.8,104.0,,41.0,68.3,19.5,1200.0,13070169.0,22.1,1.2
BEN,Benin,Sub-Saharan Africa,Afrique de l'Ouest,Lower middle income,Revenu intermédiaire (tranche inf.),2021,59.6,82.2,584.0,4.71,105.6,43.8,42.0,68.6,20.2,1319.0,13413417.0,28.2,1.32
BEN,Benin,Sub-Saharan Africa,Afrique de l'Ouest,Lower middle income,Revenu intermédiaire (tranche inf.),2022,60.5,79.6,547.0,4.63,108.0,51.4,56.5,69.0,20.9,1266.0,13759501.0,30.5,1.27
BEN,Benin,Sub-Saharan Africa,Afrique de l'Ouest,Lower middle income,Revenu intermédiaire (tranche inf.),2023,60.8,77.2,518.0,4.56,108.0,,57.0,69.3,21.5,1394.0,14111034.0,32.4,1.39
BWA,Botswana,Sub-Saharan Africa,Afrique australe,Upper middle income,Revenu intermédiaire (tranche sup.),2000,52.3,79.8,136.0,3.29,107.5,,26.5,75.5,53.7,3451.0,1677382.0,2.9,3.45
BWA,Botswana,Sub-Saharan Africa,Afrique australe,Upper middle income,Revenu intermédiaire (tranche sup.),2001,52.2,79.3,138.0,3.25,109.0,,24.8,75.8,54.7,3206.0,1712254.0,3.4,3.21
BWA,Botswana,Sub-Saharan Africa,Afrique australe,Upper middle income,Revenu intermédiaire (tranche sup.),2002,52.4,77.9,140.0,3.18,109.6,,27.0,75.9,55.6,3117.0,1744763.0,3.4,3.12
BWA,Botswana,Sub-Saharan Africa,Afrique australe,Upper middle income,Revenu intermédiaire (tranche sup.),2003,52.9,76.7,142.0,3.11,110.3,81.2,33.1,76.1,56.4,4230.0,1775736.0,3.3,4.23
BWA,Botswana,Sub-Saharan Africa,Afrique australe,Upper middle income,Revenu intermédiaire (tranche sup.),2004,53.6,75.7,151.0,3.06,110.6,,35.3,76.2,57.2,4957.0,1807146.0,3.3,4.96
BWA,Botswana,Sub-Saharan Africa,Afrique australe,Upper middle income,Revenu intermédiaire (tranche sup.),2005,54.4,70.8,166.0,3.08,111.5,,37.5,76.3,58.1,5391.0,1839877.0,3.3,5.39
BWA,Botswana,Sub-Saharan Africa,Afrique australe,Upper middle income,Revenu intermédiaire (tranche sup.),2006,55.1,66.0,204.0,3.11,112.3,,39.7,77.4,58.8,5292.0,1874516.0,4.3,5.29
BWA,Botswana,Sub-Saharan Africa,Afrique australe,Upper middle income,Revenu intermédiaire (tranche sup.),2007,56.7,64.3,201.0,3.13,111.4,,41.9,78.8,60.0,5529.0,1911201.0,5.3,5.53
BWA,Botswana,Sub-Saharan Africa,Afrique australe,Upper middle income,Revenu intermédiaire (tranche sup.),2008,57.7,63.7,199.0,3.13,111.0,,44.5,80.2,61.1,5503.0,1949970.0,6.2,5.5
BWA,Botswana,Sub-Saharan Africa,Afrique australe,Upper middle income,Revenu intermédiaire (tranche sup.),2009,58.3,60.6,213.0,3.13,111.2,,43.4,81.5,62.2,5083.0,1990673.0,6.2,5.08
BWA,Botswana,Sub-Saharan Africa,Afrique australe,Upper middle income,Revenu intermédiaire (tranche sup.),2010,59.1,58.4,228.0,3.14,109.9,,52.0,82.8,63.2,6216.0,2033111.0,6.0,6.22
BWA,Botswana,Sub-Saharan Africa,Afrique australe,Upper middle income,Revenu intermédiaire (tranche sup.),2011,59.7,58.8,269.0,3.1,108.7,,53.2,84.1,64.2,7287.0,2073535.0,9.0,7.29
BWA,Botswana,Sub-Saharan Africa,Afrique australe,Upper middle income,Revenu intermédiaire (tranche sup.),2012,60.4,53.9,288.0,3.07,107.4,,56.0,85.1,65.0,6596.0,2108617.0,16.0,6.6
BWA,Botswana,Sub-Saharan Africa,Afrique australe,Upper middle income,Revenu intermédiaire (tranche sup.),2013,61.2,50.3,221.0,3.04,105.3,,58.0,86.1,65.8,6667.0,2140682.0,30.0,6.67
BWA,Botswana,Sub-Saharan Africa,Afrique australe,Upper middle income,Revenu intermédiaire (tranche sup.),2014,62.2,49.0,212.0,3.03,101.6,,60.0,87.1,66.5,7122.0,2172044.0,36.7,7.12
BWA,Botswana,Sub-Saharan Africa,Afrique australe,Upper middle income,Revenu intermédiaire (tranche sup.),2015,63.2,46.7,141.0,3.01,101.6,,62.1,88.0,67.2,6141.0,2203273.0,38.9,6.14
BWA,Botswana,Sub-Saharan Africa,Afrique australe,Upper middle income,Revenu intermédiaire (tranche sup.),2016,64.3,45.1,72.0,2.99,102.1,,64.2,88.9,67.9,6749.0,2234776.0,41.2,6.75
BWA,Botswana,Sub-Saharan Africa,Afrique australe,Upper middle income,Revenu intermédiaire (tranche sup.),2017,65.4,42.1,46.0,2.97,102.6,,67.4,89.8,68.6,7105.0,2266747.0,43.6,7.1
BWA,Botswana,Sub-Saharan Africa,Afrique australe,Upper middle income,Revenu intermédiaire (tranche sup.),2018,66.4,41.2,99.0,2.94,103.1,,68.3,90.6,69.2,7408.0,2299141.0,46.1,7.41
BWA,Botswana,Sub-Saharan Africa,Afrique australe,Upper middle income,Revenu intermédiaire (tranche sup.),2019,67.2,40.0,100.0,2.91,103.6,,70.1,91.5,69.8,7172.0,2332083.0,48.8,7.17
BWA,Botswana,Sub-Saharan Africa,Afrique australe,Upper middle income,Revenu intermédiaire (tranche sup.),2020,67.6,38.9,98.0,2.86,104.1,,71.8,91.5,70.4,6323.0,2365894.0,51.7,6.32
BWA,Botswana,Sub-Saharan Africa,Afrique australe,Upper middle income,Revenu intermédiaire (tranche sup.),2021,63.3,37.1,165.0,2.83,104.6,,73.7,91.6,71.0,7808.0,2401441.0,54.7,7.81
BWA,Botswana,Sub-Saharan Africa,Afrique australe,Upper middle income,Revenu intermédiaire (tranche sup.),2022,68.7,35.7,120.0,2.78,109.3,,75.9,91.7,71.5,8329.0,2439892.0,57.9,8.33
BWA,Botswana,Sub-Saharan Africa,Afrique australe,Upper middle income,Revenu intermédiaire (tranche sup.),2023,69.2,34.6,155.0,2.73,109.3,,76.0,91.7,72.0,7827.0,2480244.0,57.9,7.83
BFA,Burkina Faso,Sub-Saharan Africa,Afrique de l'Ouest,Low income,Revenu faible,2000,50.8,176.0,524.0,6.52,42.8,,9.1,55.6,8.8,249.0,11925546.0,0.1,0.25
BFA,Burkina Faso,Sub-Saharan Africa,Afrique de l'Ouest,Low income,Revenu faible,2001,51.2,171.9,513.0,6.43,44.3,,9.5,55.8,9.1,259.0,12295001.0,0.2,0.26
BFA,Burkina Faso,Sub-Saharan Africa,Afrique de l'Ouest,Low income,Revenu faible,2002,51.4,167.3,508.0,6.34,45.1,,9.9,55.6,10.1,286.0,12680897.0,0.2,0.29
BFA,Burkina Faso,Sub-Saharan Africa,Afrique de l'Ouest,Low income,Revenu faible,2003,52.0,162.3,495.0,6.28,47.5,21.8,11.4,55.4,11.0,362.0,13082532.0,0.4,0.36
BFA,Burkina Faso,Sub-Saharan Africa,Afrique de l'Ouest,Low income,Revenu faible,2004,52.6,156.8,481.0,6.22,52.2,,10.7,55.2,12.0,404.0,13500533.0,0.4,0.4
BFA,Burkina Faso,Sub-Saharan Africa,Afrique de l'Ouest,Low income,Revenu faible,2005,53.3,150.8,467.0,6.18,56.7,23.5,11.1,55.0,13.0,441.0,13932123.0,0.5,0.44
BFA,Burkina Faso,Sub-Saharan Africa,Afrique de l'Ouest,Low income,Revenu faible,2006,53.8,144.4,463.0,6.17,60.4,22.5,11.6,54.7,14.0,456.0,14373707.0,0.6,0.46
BFA,Burkina Faso,Sub-Saharan Africa,Afrique de l'Ouest,Low income,Revenu faible,2007,54.4,138.1,453.0,6.11,65.9,27.9,12.0,54.5,14.9,515.0,14816307.0,0.8,0.52
BFA,Burkina Faso,Sub-Saharan Africa,Afrique de l'Ouest,Low income,Revenu faible,2008,55.2,132.1,429.0,6.05,71.4,,12.5,54.2,15.8,619.0,15258093.0,0.9,0.62
BFA,Burkina Faso,Sub-Saharan Africa,Afrique de l'Ouest,Low income,Revenu faible,2009,55.8,126.5,419.0,5.99,75.8,,12.6,53.9,16.8,602.0,15710066.0,1.1,0.6
BFA,Burkina Faso,Sub-Saharan Africa,Afrique de l'Ouest,Low income,Revenu faible,2010,56.3,121.3,404.0,5.94,76.4,,13.1,53.5,17.7,625.0,16176498.0,2.4,0.62
BFA,Burkina Faso,Sub-Saharan Africa,Afrique de l'Ouest,Low income,Revenu faible,2011,57.0,116.6,388.0,5.87,79.7,,14.8,53.2,18.7,725.0,16661908.0,3.0,0.72
BFA,Burkina Faso,Sub-Saharan Africa,Afrique de l'Ouest,Low income,Revenu faible,2012,57.5,112.3,376.0,5.79,82.0,,15.1,52.9,19.6,731.0,17172287.0,3.7,0.73
BFA,Burkina Faso,Sub-Saharan Africa,Afrique de l'Ouest,Low income,Revenu faible,2013,57.9,108.2,361.0,5.7,83.3,,15.4,52.6,20.6,760.0,17695409.0,5.0,0.76
BFA,Burkina Faso,Sub-Saharan Africa,Afrique de l'Ouest,Low income,Revenu faible,2014,58.3,104.3,344.0,5.6,84.6,34.6,19.2,52.3,21.6,765.0,18229461.0,6.0,0.76
BFA,Burkina Faso,Sub-Saharan Africa,Afrique de l'Ouest,Low income,Revenu faible,2015,58.8,100.8,328.0,5.48,85.1,,16.2,52.0,22.6,630.0,18777487.0,6.5,0.63
BFA,Burkina Faso,Sub-Saharan Africa,Afrique de l'Ouest,Low income,Revenu faible,2016,59.2,97.4,313.0,5.33,87.4,,16.6,51.6,23.6,664.0,19334856.0,7.1,0.66
BFA,Burkina Faso,Sub-Saharan Africa,Afrique de l'Ouest,Low income,Revenu faible,2017,59.6,94.1,298.0,5.17,89.5,,17.0,51.3,24.7,709.0,19894407.0,7.8,0.71
BFA,Burkina Faso,Sub-Saharan Africa,Afrique de l'Ouest,Low income,Revenu faible,2018,60.0,91.0,286.0,4.92,91.5,39.3,14.4,51.0,25.7,777.0,20438288.0,8.5,0.78
BFA,Burkina Faso,Sub-Saharan Africa,Afrique de l'Ouest,Low income,Revenu faible,2019,60.2,88.1,274.0,4.68,89.8,29.7,17.6,50.7,26.7,765.0,20961952.0,9.3,0.76
BFA,Burkina Faso,Sub-Saharan Africa,Afrique de l'Ouest,Low income,Revenu faible,2020,60.5,85.1,334.0,4.44,87.7,,18.5,50.4,27.8,825.0,21478690.0,13.0,0.82
BFA,Burkina Faso,Sub-Saharan Africa,Afrique de l'Ouest,Low income,Revenu faible,2021,60.0,82.4,354.0,4.36,87.0,37.0,19.0,50.1,28.8,896.0,21995243.0,18.2,0.9
BFA,Burkina Faso,Sub-Saharan Africa,Afrique de l'Ouest,Low income,Revenu faible,2022,60.7,79.8,316.0,4.28,82.3,40.9,19.5,49.8,29.9,827.0,22509038.0,25.4,0.83
BFA,Burkina Faso,Sub-Saharan Africa,Afrique de l'Ouest,Low income,Revenu faible,2023,61.1,77.4,242.0,4.19,72.2,41.6,21.7,49.5,30.9,873.0,23025776.0,25.4,0.87
BDI,Burundi,Sub-Saharan Africa,Afrique de l'Est,Low income,Revenu faible,2000,47.6,152.4,860.0,6.87,59.2,59.3,2.5,49.9,45.9,135.0,6470194.0,0.1,0.14
BDI,Burundi,Sub-Saharan Africa,Afrique de l'Est,Low income,Revenu faible,2001,48.5,147.5,799.0,6.85,61.9,,2.8,50.6,46.0,132.0,6634365.0,0.1,0.13
BDI,Burundi,Sub-Saharan Africa,Afrique de l'Est,Low income,Revenu faible,2002,49.9,142.3,743.0,6.82,68.6,,3.1,51.3,46.1,121.0,6824132.0,0.1,0.12
BDI,Burundi,Sub-Saharan Africa,Afrique de l'Est,Low income,Revenu faible,2003,51.0,136.6,705.0,6.78,74.2,,3.4,52.0,46.2,111.0,7043154.0,0.2,0.11
BDI,Burundi,Sub-Saharan Africa,Afrique de l'Est,Low income,Revenu faible,2004,52.2,130.4,687.0,6.75,79.3,,3.7,52.7,46.1,125.0,7310656.0,0.3,0.12
BDI,Burundi,Sub-Saharan Africa,Afrique de l'Est,Low income,Revenu faible,2005,53.1,123.7,685.0,6.71,84.5,,3.2,53.4,46.0,147.0,7587299.0,0.5,0.15
BDI,Burundi,Sub-Saharan Africa,Afrique de l'Est,Low income,Revenu faible,2006,54.0,116.6,670.0,6.66,107.6,,2.7,54.2,45.9,162.0,7865547.0,0.7,0.16
BDI,Burundi,Sub-Saharan Africa,Afrique de l'Est,Low income,Revenu faible,2007,54.8,109.5,655.0,6.59,120.4,,4.7,54.9,45.8,166.0,8161874.0,0.7,0.17
BDI,Burundi,Sub-Saharan Africa,Afrique de l'Est,Low income,Revenu faible,2008,55.6,102.6,635.0,6.52,123.8,48.1,4.8,55.6,45.7,190.0,8505637.0,0.8,0.19
BDI,Burundi,Sub-Saharan Africa,Afrique de l'Est,Low income,Revenu faible,2009,56.4,96.1,612.0,6.41,131.4,,5.4,56.3,45.6,198.0,8947646.0,0.9,0.2
BDI,Burundi,Sub-Saharan Africa,Afrique de l'Est,Low income,Revenu faible,2010,57.1,90.2,614.0,6.26,135.2,,5.3,57.1,45.5,217.0,9376444.0,1.0,0.22
BDI,Burundi,Sub-Saharan Africa,Afrique de l'Est,Low income,Revenu faible,2011,57.8,84.7,597.0,6.11,136.0,,6.2,57.8,45.4,230.0,9717978.0,1.1,0.23
BDI,Burundi,Sub-Saharan Africa,Afrique de l'Est,Low income,Revenu faible,2012,58.5,79.6,575.0,5.99,131.4,,6.5,58.5,45.2,231.0,10071028.0,1.2,0.23
BDI,Burundi,Sub-Saharan Africa,Afrique de l'Est,Low income,Revenu faible,2013,59.2,74.9,555.0,5.89,126.1,,6.9,59.3,45.1,235.0,10439341.0,1.3,0.24
BDI,Burundi,Sub-Saharan Africa,Afrique de l'Est,Low income,Revenu faible,2014,59.8,70.6,533.0,5.79,121.4,61.3,7.0,60.0,45.0,251.0,10799785.0,1.0,0.25
BDI,Burundi,Sub-Saharan Africa,Afrique de l'Est,Low income,Revenu faible,2015,60.1,66.9,525.0,5.7,116.2,,7.9,60.8,44.9,254.0,11047580.0,2.0,0.25
BDI,Burundi,Sub-Saharan Africa,Afrique de l'Est,Low income,Revenu faible,2016,60.8,63.7,501.0,5.59,112.5,65.7,8.5,61.5,44.8,233.0,11239451.0,2.2,0.23
BDI,Burundi,Sub-Saharan Africa,Afrique de l'Est,Low income,Revenu faible,2017,61.3,60.9,482.0,5.48,107.6,68.4,9.3,62.3,44.6,246.0,11506762.0,2.7,0.25
BDI,Burundi,Sub-Saharan Africa,Afrique de l'Est,Low income,Revenu faible,2018,61.8,58.5,464.0,5.38,104.3,,9.5,63.0,44.5,246.0,11859446.0,4.0,0.25
BDI,Burundi,Sub-Saharan Africa,Afrique de l'Est,Low income,Revenu faible,2019,62.2,56.2,449.0,5.27,101.5,,9.8,63.8,44.4,234.0,12255336.0,6.1,0.23
BDI,Burundi,Sub-Saharan Africa,Afrique de l'Est,Low income,Revenu faible,2020,62.6,54.3,441.0,5.18,101.7,71.3,9.1,64.4,44.5,253.0,12617036.0,6.4,0.25
BDI,Burundi,Sub-Saharan Africa,Afrique de l'Est,Low income,Revenu faible,2021,62.1,52.3,447.0,5.08,101.7,,10.2,65.0,44.6,264.0,12965481.0,6.8,0.26
BDI,Burundi,Sub-Saharan Africa,Afrique de l'Est,Low income,Revenu faible,2022,62.9,50.3,412.0,4.98,101.7,,10.3,65.7,44.7,302.0,13321097.0,7.1,0.3
BDI,Burundi,Sub-Saharan Africa,Afrique de l'Est,Low income,Revenu faible,2023,63.7,48.7,392.0,4.88,101.7,,11.6,65.8,44.6,250.0,13689450.0,7.2,0.25
CPV,Cabo Verde,Sub-Saharan Africa,Afrique de l'Ouest,Upper middle income,Revenu intermédiaire (tranche sup.),2000,68.1,36.0,110.0,3.54,116.2,,58.6,79.4,36.8,1190.0,453317.0,1.8,1.19
CPV,Cabo Verde,Sub-Saharan Africa,Afrique de l'Ouest,Upper middle income,Revenu intermédiaire (tranche sup.),2001,68.7,32.8,101.0,3.37,115.4,,60.3,79.7,39.2,1223.0,460293.0,2.7,1.22
CPV,Cabo Verde,Sub-Saharan Africa,Afrique de l'Ouest,Upper middle income,Revenu intermédiaire (tranche sup.),2002,69.4,30.5,92.0,3.19,115.5,,58.6,80.0,41.5,1329.0,467046.0,3.5,1.33
CPV,Cabo Verde,Sub-Saharan Africa,Afrique de l'Ouest,Upper middle income,Revenu intermédiaire (tranche sup.),2003,70.0,29.0,86.0,3.03,114.6,,63.7,80.2,43.9,1718.0,473383.0,4.3,1.72
CPV,Cabo Verde,Sub-Saharan Africa,Afrique de l'Ouest,Upper middle income,Revenu intermédiaire (tranche sup.),2004,70.5,28.2,80.0,2.9,112.9,,65.4,80.7,46.2,1929.0,479370.0,5.3,1.93
CPV,Cabo Verde,Sub-Saharan Africa,Afrique de l'Ouest,Upper middle income,Revenu intermédiaire (tranche sup.),2005,70.9,28.0,75.0,2.73,112.2,,67.0,81.1,48.5,2004.0,485115.0,6.1,2.0
CPV,Cabo Verde,Sub-Saharan Africa,Afrique de l'Ouest,Upper middle income,Revenu intermédiaire (tranche sup.),2006,71.3,28.0,76.0,2.56,112.3,,68.8,81.5,50.7,2257.0,490728.0,6.8,2.26
CPV,Cabo Verde,Sub-Saharan Africa,Afrique de l'Ouest,Upper middle income,Revenu intermédiaire (tranche sup.),2007,71.5,28.1,73.0,2.41,110.9,,70.5,81.9,53.0,3325.0,496190.0,8.3,3.32
CPV,Cabo Verde,Sub-Saharan Africa,Afrique de l'Ouest,Upper middle income,Revenu intermédiaire (tranche sup.),2008,71.9,27.9,68.0,2.3,110.0,,72.3,82.3,55.3,3909.0,501355.0,14.0,3.91
CPV,Cabo Verde,Sub-Saharan Africa,Afrique de l'Ouest,Upper middle income,Revenu intermédiaire (tranche sup.),2009,72.1,27.5,62.0,2.25,108.6,82.2,74.1,82.8,57.5,3660.0,506141.0,21.0,3.66
CPV,Cabo Verde,Sub-Saharan Africa,Afrique de l'Ouest,Upper middle income,Revenu intermédiaire (tranche sup.),2010,72.5,26.7,61.0,2.33,107.6,,81.1,83.2,59.7,3579.0,509784.0,30.0,3.58
CPV,Cabo Verde,Sub-Saharan Africa,Afrique de l'Ouest,Upper middle income,Revenu intermédiaire (tranche sup.),2011,72.9,25.6,55.0,2.33,107.5,,82.3,83.5,61.8,4002.0,511447.0,32.0,4.0
CPV,Cabo Verde,Sub-Saharan Africa,Afrique de l'Ouest,Upper middle income,Revenu intermédiaire (tranche sup.),2012,73.3,24.2,51.0,2.15,108.4,85.3,83.2,83.9,64.0,3737.0,511955.0,34.7,3.74
CPV,Cabo Verde,Sub-Saharan Africa,Afrique de l'Ouest,Upper middle income,Revenu intermédiaire (tranche sup.),2013,73.5,22.6,50.0,2.07,108.0,,84.3,84.2,66.1,3961.0,512225.0,37.5,3.96
CPV,Cabo Verde,Sub-Saharan Africa,Afrique de l'Ouest,Upper middle income,Revenu intermédiaire (tranche sup.),2014,73.8,20.9,48.0,2.03,107.5,,85.3,84.6,68.2,3986.0,512326.0,40.3,3.99
CPV,Cabo Verde,Sub-Saharan Africa,Afrique de l'Ouest,Upper middle income,Revenu intermédiaire (tranche sup.),2015,74.1,19.2,46.0,1.97,105.9,86.8,86.4,84.9,70.4,3415.0,512394.0,42.7,3.42
CPV,Cabo Verde,Sub-Saharan Africa,Afrique de l'Ouest,Upper middle income,Revenu intermédiaire (tranche sup.),2016,74.4,17.6,44.0,1.97,104.4,,87.5,85.6,72.5,3609.0,512554.0,50.3,3.61
CPV,Cabo Verde,Sub-Saharan Africa,Afrique de l'Ouest,Upper middle income,Revenu intermédiaire (tranche sup.),2017,74.7,16.2,43.0,1.93,104.2,,88.6,86.3,74.6,3893.0,512893.0,57.2,3.89
CPV,Cabo Verde,Sub-Saharan Africa,Afrique de l'Ouest,Upper middle income,Revenu intermédiaire (tranche sup.),2018,74.8,15.1,43.0,1.8,105.8,,90.2,87.1,76.7,4295.0,513415.0,59.5,4.3
CPV,Cabo Verde,Sub-Saharan Africa,Afrique de l'Ouest,Upper middle income,Revenu intermédiaire (tranche sup.),2019,75.4,14.1,41.0,1.7,105.2,,91.4,87.8,78.8,4381.0,514104.0,61.9,4.38
CPV,Cabo Verde,Sub-Saharan Africa,Afrique de l'Ouest,Upper middle income,Revenu intermédiaire (tranche sup.),2020,73.8,13.3,56.0,1.59,103.4,,93.7,88.5,80.9,3539.0,514679.0,69.4,3.54
CPV,Cabo Verde,Sub-Saharan Africa,Afrique de l'Ouest,Upper middle income,Revenu intermédiaire (tranche sup.),2021,74.4,12.7,56.0,1.55,103.0,,95.5,89.2,83.0,3971.0,516649.0,70.3,3.97
CPV,Cabo Verde,Sub-Saharan Africa,Afrique de l'Ouest,Upper middle income,Revenu intermédiaire (tranche sup.),2022,75.9,12.1,42.0,1.53,103.0,,97.1,90.0,83.0,4323.0,519741.0,73.3,4.32
CPV,Cabo Verde,Sub-Saharan Africa,Afrique de l'Ouest,Upper middle income,Revenu intermédiaire (tranche sup.),2023,76.1,11.6,40.0,1.52,103.0,,98.6,91.1,83.1,4795.0,522331.0,74.6,4.8
CMR,Cameroon,Sub-Saharan Africa,Afrique centrale,Lower middle income,Revenu intermédiaire (tranche inf.),2000,53.3,143.9,678.0,5.51,88.5,68.4,41.0,55.8,37.6,709.0,14912631.0,0.3,0.71
CMR,Cameroon,Sub-Saharan Africa,Afrique centrale,Lower middle income,Revenu intermédiaire (tranche inf.),2001,53.6,141.0,672.0,5.44,104.3,,46.2,56.7,37.8,715.0,15309490.0,0.3,0.72
CMR,Cameroon,Sub-Saharan Africa,Afrique centrale,Lower middle income,Revenu intermédiaire (tranche inf.),2002,53.9,137.6,658.0,5.44,104.3,,44.0,57.5,38.0,790.0,15725528.0,0.4,0.79
CMR,Cameroon,Sub-Saharan Africa,Afrique centrale,Lower middle income,Revenu intermédiaire (tranche inf.),2003,54.3,134.3,645.0,5.43,104.6,,45.1,58.3,38.4,988.0,16160340.0,0.6,0.99
CMR,Cameroon,Sub-Saharan Africa,Afrique centrale,Lower middle income,Revenu intermédiaire (tranche inf.),2004,54.6,130.9,633.0,5.44,109.5,,47.1,59.1,38.7,1133.0,16610487.0,1.0,1.13
CMR,Cameroon,Sub-Saharan Africa,Afrique centrale,Lower middle income,Revenu intermédiaire (tranche inf.),2005,54.9,127.6,629.0,5.42,107.3,,47.2,59.9,39.1,1143.0,17074594.0,1.4,1.14
CMR,Cameroon,Sub-Saharan Africa,Afrique centrale,Lower middle income,Revenu intermédiaire (tranche inf.),2006,55.3,124.2,615.0,5.37,105.7,,49.0,60.6,39.5,1191.0,17550407.0,2.0,1.19
CMR,Cameroon,Sub-Saharan Africa,Afrique centrale,Lower middle income,Revenu intermédiaire (tranche inf.),2007,55.7,120.8,605.0,5.34,107.5,70.7,48.2,61.4,39.9,1326.0,18049896.0,2.9,1.33
CMR,Cameroon,Sub-Saharan Africa,Afrique centrale,Lower middle income,Revenu intermédiaire (tranche inf.),2008,56.1,117.2,592.0,5.29,107.6,,50.6,62.1,40.3,1492.0,18574056.0,3.4,1.49
CMR,Cameroon,Sub-Saharan Africa,Afrique centrale,Lower middle income,Revenu intermédiaire (tranche inf.),2009,56.5,113.7,579.0,5.24,109.5,,51.7,62.8,40.7,1461.0,19113974.0,3.8,1.46
CMR,Cameroon,Sub-Saharan Africa,Afrique centrale,Lower middle income,Revenu intermédiaire (tranche inf.),2010,57.0,109.5,562.0,5.15,111.2,71.2,52.8,63.5,41.1,1399.0,19668066.0,4.3,1.4
CMR,Cameroon,Sub-Saharan Africa,Afrique centrale,Lower middle income,Revenu intermédiaire (tranche inf.),2011,57.5,105.2,541.0,5.05,110.0,,53.7,64.1,41.5,1514.0,20232304.0,5.0,1.51
CMR,Cameroon,Sub-Saharan Africa,Afrique centrale,Lower middle income,Revenu intermédiaire (tranche inf.),2012,58.2,100.8,500.0,4.98,114.4,,55.2,64.8,41.9,1449.0,20809529.0,7.5,1.45
CMR,Cameroon,Sub-Saharan Africa,Afrique centrale,Lower middle income,Revenu intermédiaire (tranche inf.),2013,58.7,96.5,469.0,4.9,114.8,,56.3,65.4,42.3,1576.0,21402376.0,10.0,1.58
CMR,Cameroon,Sub-Saharan Africa,Afrique centrale,Lower middle income,Revenu intermédiaire (tranche inf.),2014,59.1,92.4,440.0,4.84,115.3,,56.8,66.0,42.7,1649.0,22059893.0,16.2,1.65
CMR,Cameroon,Sub-Saharan Africa,Afrique centrale,Lower middle income,Revenu intermédiaire (tranche inf.),2015,59.7,88.5,417.0,4.84,117.8,,58.6,66.6,43.1,1415.0,22763414.0,18.3,1.42
CMR,Cameroon,Sub-Saharan Africa,Afrique centrale,Lower middle income,Revenu intermédiaire (tranche inf.),2016,60.3,85.1,393.0,4.84,117.2,,59.8,67.2,43.6,1442.0,23454161.0,20.6,1.44
CMR,Cameroon,Sub-Saharan Africa,Afrique centrale,Lower middle income,Revenu intermédiaire (tranche inf.),2017,60.8,81.9,372.0,4.8,111.2,,60.9,67.7,44.0,1496.0,24128601.0,23.2,1.5
CMR,Cameroon,Sub-Saharan Africa,Afrique centrale,Lower middle income,Revenu intermédiaire (tranche inf.),2018,61.2,78.9,354.0,4.74,104.3,72.6,62.2,68.3,44.4,1611.0,24806383.0,29.7,1.61
CMR,Cameroon,Sub-Saharan Africa,Afrique centrale,Lower middle income,Revenu intermédiaire (tranche inf.),2019,61.7,76.6,336.0,4.65,106.8,,63.2,68.8,44.8,1555.0,25506095.0,36.5,1.56
CMR,Cameroon,Sub-Saharan Africa,Afrique centrale,Lower middle income,Revenu intermédiaire (tranche inf.),2020,61.7,74.4,316.0,4.56,108.4,,64.3,69.3,45.3,1556.0,26210558.0,37.7,1.56
CMR,Cameroon,Sub-Saharan Africa,Afrique centrale,Lower middle income,Revenu intermédiaire (tranche inf.),2021,61.1,71.9,342.0,4.47,110.1,,65.4,69.8,45.7,1672.0,26915758.0,38.9,1.67
CMR,Cameroon,Sub-Saharan Africa,Afrique centrale,Lower middle income,Revenu intermédiaire (tranche inf.),2022,62.4,69.4,276.0,4.4,112.5,,71.0,70.3,46.2,1605.0,27632771.0,40.1,1.6
CMR,Cameroon,Sub-Saharan Africa,Afrique centrale,Lower middle income,Revenu intermédiaire (tranche inf.),2023,63.7,67.0,258.0,4.32,114.4,,72.0,70.7,46.6,1720.0,28372687.0,42.2,1.72
CAF,Central African Republic,Sub-Saharan Africa,Afrique centrale,Low income,Revenu faible,2000,46.6,165.5,1490.0,5.85,68.3,50.7,6.0,59.0,20.6,239.0,3833416.0,0.1,0.24
CAF,Central African Republic,Sub-Saharan Africa,Afrique centrale,Low income,Revenu faible,2001,46.7,162.5,1504.0,5.81,68.3,,5.7,57.8,20.5,238.0,3919487.0,0.1,0.24
CAF,Central African Republic,Sub-Saharan Africa,Afrique centrale,Low income,Revenu faible,2002,46.8,159.0,1496.0,5.78,60.4,,6.1,56.7,20.5,249.0,4006077.0,0.1,0.25
CAF,Central African Republic,Sub-Saharan Africa,Afrique centrale,Low income,Revenu faible,2003,47.3,155.6,1487.0,5.8,59.7,,6.6,55.5,20.5,278.0,4103086.0,0.2,0.28
CAF,Central African Republic,Sub-Saharan Africa,Afrique centrale,Low income,Revenu faible,2004,47.7,151.8,1450.0,5.78,51.3,,7.0,54.3,20.4,303.0,4192826.0,0.2,0.3
CAF,Central African Republic,Sub-Saharan Africa,Afrique centrale,Low income,Revenu faible,2005,48.2,147.9,1389.0,5.81,57.1,,7.4,53.2,20.0,312.0,4288810.0,0.3,0.31
CAF,Central African Republic,Sub-Saharan Africa,Afrique centrale,Low income,Revenu faible,2006,48.7,143.5,1337.0,5.84,56.7,,7.8,52.0,19.5,334.0,4377579.0,0.3,0.33
CAF,Central African Republic,Sub-Saharan Africa,Afrique centrale,Low income,Revenu faible,2007,49.3,139.3,1271.0,5.87,65.6,,8.4,50.9,19.1,381.0,4462770.0,0.4,0.38
CAF,Central African Republic,Sub-Saharan Africa,Afrique centrale,Low income,Revenu faible,2008,49.9,135.5,1234.0,5.9,75.9,,7.5,49.8,18.7,437.0,4558984.0,1.0,0.44
CAF,Central African Republic,Sub-Saharan Africa,Afrique centrale,Low income,Revenu faible,2009,14.7,489.3,1272.0,5.94,77.4,,9.4,48.7,18.3,456.0,4529047.0,1.8,0.46
CAF,Central African Republic,Sub-Saharan Africa,Afrique centrale,Low income,Revenu faible,2010,46.9,150.7,1230.0,5.96,81.3,,9.8,47.6,17.9,477.0,4492995.0,2.0,0.48
CAF,Central African Republic,Sub-Saharan Africa,Afrique centrale,Low income,Revenu faible,2011,50.1,125.1,1131.0,6.01,81.4,,10.4,46.5,17.5,534.0,4565021.0,2.2,0.53
CAF,Central African Republic,Sub-Saharan Africa,Afrique centrale,Low income,Revenu faible,2012,51.3,121.9,1092.0,6.05,81.9,,11.0,45.5,17.1,544.0,4610848.0,2.4,0.54
CAF,Central African Republic,Sub-Saharan Africa,Afrique centrale,Low income,Revenu faible,2013,49.5,134.2,1092.0,6.08,85.7,,11.5,44.4,16.7,364.0,4642419.0,2.5,0.36
CAF,Central African Republic,Sub-Saharan Africa,Afrique centrale,Low income,Revenu faible,2014,40.3,186.8,1034.0,6.1,89.4,,12.0,43.4,16.3,410.0,4623182.0,2.7,0.41
CAF,Central African Republic,Sub-Saharan Africa,Afrique centrale,Low income,Revenu faible,2015,51.9,113.7,981.0,6.13,93.1,,12.7,42.3,16.0,366.0,4629320.0,2.9,0.37
CAF,Central African Republic,Sub-Saharan Africa,Afrique centrale,Low income,Revenu faible,2016,51.0,126.8,962.0,6.13,96.8,,13.4,41.3,15.6,387.0,4713663.0,3.1,0.39
CAF,Central African Republic,Sub-Saharan Africa,Afrique centrale,Low income,Revenu faible,2017,45.2,155.2,1093.0,6.13,96.8,,14.1,40.2,15.2,432.0,4793511.0,4.0,0.43
CAF,Central African Republic,Sub-Saharan Africa,Afrique centrale,Low income,Revenu faible,2018,52.3,120.2,881.0,6.11,96.8,,14.6,39.2,14.8,455.0,4878657.0,5.1,0.46
CAF,Central African Republic,Sub-Saharan Africa,Afrique centrale,Low income,Revenu faible,2019,31.5,254.7,1650.0,6.09,96.8,42.4,14.3,38.2,14.5,449.0,4944703.0,7.5,0.45
CAF,Central African Republic,Sub-Saharan Africa,Afrique centrale,Low income,Revenu faible,2020,50.6,124.2,1296.0,6.06,96.8,,15.4,37.2,14.1,463.0,5026628.0,9.6,0.46
CAF,Central African Republic,Sub-Saharan Africa,Afrique centrale,Low income,Revenu faible,2021,40.3,178.7,1127.0,6.05,96.8,,15.7,36.2,13.8,492.0,5112100.0,11.7,0.49
CAF,Central African Republic,Sub-Saharan Africa,Afrique centrale,Low income,Revenu faible,2022,18.8,424.6,841.0,6.02,96.8,,15.7,36.3,13.8,467.0,5098039.0,13.8,0.47
CAF,Central African Republic,Sub-Saharan Africa,Afrique centrale,Low income,Revenu faible,2023,57.4,92.6,692.0,6.01,96.8,,17.6,36.4,13.9,496.0,5152421.0,13.8,0.5
TCD,Chad,Sub-Saharan Africa,Afrique centrale,Low income,Revenu faible,2000,47.9,182.4,1208.0,7.25,61.5,25.6,3.1,38.6,9.7,163.0,8512093.0,0.0,0.16
TCD,Chad,Sub-Saharan Africa,Afrique centrale,Low income,Revenu faible,2001,48.3,179.0,1204.0,7.23,63.9,,3.4,39.2,9.8,194.0,8804124.0,0.0,0.19
TCD,Chad,Sub-Saharan Africa,Afrique centrale,Low income,Revenu faible,2002,48.4,175.6,1199.0,7.2,68.0,,3.8,39.8,9.9,219.0,9116192.0,0.2,0.22
TCD,Chad,Sub-Saharan Africa,Afrique centrale,Low income,Revenu faible,2003,48.6,172.3,1170.0,7.18,70.1,,4.1,40.4,9.9,289.0,9487833.0,0.3,0.29
TCD,Chad,Sub-Saharan Africa,Afrique centrale,Low income,Revenu faible,2004,48.7,168.8,1167.0,7.16,73.5,28.4,3.5,41.0,10.0,446.0,9920036.0,0.4,0.45
TCD,Chad,Sub-Saharan Africa,Afrique centrale,Low income,Revenu faible,2005,48.9,165.4,1189.0,7.13,70.3,,4.8,41.6,10.1,838.0,10328092.0,0.4,0.84
TCD,Chad,Sub-Saharan Africa,Afrique centrale,Low income,Revenu faible,2006,48.7,161.8,1220.0,7.12,69.9,,5.1,42.2,10.2,907.0,10706424.0,0.6,0.91
TCD,Chad,Sub-Saharan Africa,Afrique centrale,Low income,Revenu faible,2007,49.2,158.1,1240.0,7.09,68.7,,5.5,42.8,10.3,980.0,11081660.0,0.8,0.98
TCD,Chad,Sub-Saharan Africa,Afrique centrale,Low income,Revenu faible,2008,49.5,154.3,1264.0,7.06,76.4,,5.9,43.4,10.4,1166.0,11476296.0,1.2,1.17
TCD,Chad,Sub-Saharan Africa,Afrique centrale,Low income,Revenu faible,2009,49.8,150.5,1285.0,7.02,80.9,,6.3,44.0,10.5,1036.0,11893754.0,1.5,1.04
TCD,Chad,Sub-Saharan Africa,Afrique centrale,Low income,Revenu faible,2010,50.1,146.7,1284.0,6.99,80.9,,6.4,44.6,10.6,1142.0,12312575.0,1.7,1.14
TCD,Chad,Sub-Saharan Africa,Afrique centrale,Low income,Revenu faible,2011,50.4,142.9,1264.0,6.95,87.2,,9.0,45.2,10.8,1308.0,12754997.0,1.9,1.31
TCD,Chad,Sub-Saharan Africa,Afrique centrale,Low income,Revenu faible,2012,50.8,139.3,1245.0,6.9,90.9,,7.8,45.8,10.9,1354.0,13210998.0,2.1,1.35
TCD,Chad,Sub-Saharan Africa,Afrique centrale,Low income,Revenu faible,2013,51.1,135.8,1216.0,6.84,97.5,,8.1,46.5,11.1,1305.0,13691079.0,2.5,1.3
TCD,Chad,Sub-Saharan Africa,Afrique centrale,Low income,Revenu faible,2014,51.1,132.3,1198.0,6.78,98.3,,8.4,47.1,11.2,1279.0,14188678.0,2.9,1.28
TCD,Chad,Sub-Saharan Africa,Afrique centrale,Low income,Revenu faible,2015,51.3,128.7,1176.0,6.71,87.9,,7.7,47.8,11.4,994.0,14647621.0,3.5,0.99
TCD,Chad,Sub-Saharan Africa,Afrique centrale,Low income,Revenu faible,2016,51.6,125.0,1133.0,6.62,82.6,22.3,9.2,48.4,11.6,862.0,15114655.0,5.8,0.86
TCD,Chad,Sub-Saharan Africa,Afrique centrale,Low income,Revenu faible,2017,51.9,121.4,1085.0,6.54,74.2,,10.9,49.1,11.8,854.0,15622759.0,6.4,0.85
TCD,Chad,Sub-Saharan Africa,Afrique centrale,Low income,Revenu faible,2018,52.4,117.6,1020.0,6.46,84.3,,10.1,49.8,12.1,949.0,16156531.0,7.0,0.95
TCD,Chad,Sub-Saharan Africa,Afrique centrale,Low income,Revenu faible,2019,53.0,114.0,958.0,6.41,83.3,30.6,8.4,50.5,12.3,893.0,16685223.0,7.6,0.89
TCD,Chad,Sub-Saharan Africa,Afrique centrale,Low income,Revenu faible,2020,53.1,110.6,877.0,6.35,84.7,,10.9,51.2,12.6,867.0,17224679.0,8.3,0.87
TCD,Chad,Sub-Saharan Africa,Afrique centrale,Low income,Revenu faible,2021,53.1,107.3,869.0,6.26,86.1,,11.3,51.9,12.8,946.0,17828273.0,9.7,0.95
TCD,Chad,Sub-Saharan Africa,Afrique centrale,Low income,Revenu faible,2022,54.5,103.9,775.0,6.22,87.0,,11.7,52.0,12.9,966.0,18455316.0,11.2,0.97
TCD,Chad,Sub-Saharan Africa,Afrique centrale,Low income,Revenu faible,2023,55.1,100.6,748.0,6.12,88.3,,12.0,52.1,13.0,950.0,19319064.0,12.0,0.95
COM,Comoros,Sub-Saharan Africa,Afrique de l'Est,Lower middle income,Revenu intermédiaire (tranche inf.),2000,58.9,79.9,476.0,5.23,93.0,68.2,39.8,87.3,24.4,633.0,536080.0,0.3,0.63
COM,Comoros,Sub-Saharan Africa,Afrique de l'Est,Lower middle income,Revenu intermédiaire (tranche inf.),2001,59.6,76.8,440.0,5.2,97.6,,42.0,87.5,26.2,681.0,547220.0,0.4,0.68
COM,Comoros,Sub-Saharan Africa,Afrique de l'Est,Lower middle income,Revenu intermédiaire (tranche inf.),2002,59.7,73.8,428.0,5.16,102.2,,44.8,87.4,27.7,765.0,558923.0,0.6,0.76
COM,Comoros,Sub-Saharan Africa,Afrique de l'Est,Lower middle income,Revenu intermédiaire (tranche inf.),2003,60.2,71.0,400.0,5.12,100.2,,46.5,87.3,29.2,960.0,569798.0,0.8,0.96
COM,Comoros,Sub-Saharan Africa,Afrique de l'Est,Lower middle income,Revenu intermédiaire (tranche inf.),2004,60.6,68.3,385.0,5.07,97.9,,48.7,87.2,30.8,1072.0,580704.0,1.3,1.07
COM,Comoros,Sub-Saharan Africa,Afrique de l'Est,Lower middle income,Revenu intermédiaire (tranche inf.),2005,60.9,65.8,373.0,5.01,97.6,,51.0,87.1,32.3,1106.0,592677.0,2.0,1.11
COM,Comoros,Sub-Saharan Africa,Afrique de l'Est,Lower middle income,Revenu intermédiaire (tranche inf.),2006,61.2,63.4,360.0,4.93,97.2,,53.2,87.0,33.8,1138.0,604753.0,2.2,1.14
COM,Comoros,Sub-Saharan Africa,Afrique de l'Est,Lower middle income,Revenu intermédiaire (tranche inf.),2007,61.5,61.2,352.0,4.86,96.8,,55.5,86.9,35.2,1290.0,616927.0,2.5,1.29
COM,Comoros,Sub-Saharan Africa,Afrique de l'Est,Lower middle income,Revenu intermédiaire (tranche inf.),2008,62.0,59.2,334.0,4.8,103.1,,57.8,86.8,36.7,1455.0,629307.0,3.0,1.46
COM,Comoros,Sub-Saharan Africa,Afrique de l'Est,Lower middle income,Revenu intermédiaire (tranche inf.),2009,62.3,57.3,320.0,4.78,105.8,,60.1,86.7,38.1,1410.0,641947.0,3.5,1.41
COM,Comoros,Sub-Saharan Africa,Afrique de l'Est,Lower middle income,Revenu intermédiaire (tranche inf.),2010,62.7,55.6,305.0,4.76,108.5,,69.7,86.6,39.5,1387.0,654836.0,5.1,1.39
COM,Comoros,Sub-Saharan Africa,Afrique de l'Est,Lower middle income,Revenu intermédiaire (tranche inf.),2011,63.1,54.0,291.0,4.72,111.3,,69.3,86.5,40.9,1531.0,668056.0,5.5,1.53
COM,Comoros,Sub-Saharan Africa,Afrique de l'Est,Lower middle income,Revenu intermédiaire (tranche inf.),2012,63.5,52.5,274.0,4.65,113.4,,69.3,86.3,42.3,1490.0,681630.0,6.0,1.49
COM,Comoros,Sub-Saharan Africa,Afrique de l'Est,Lower middle income,Revenu intermédiaire (tranche inf.),2013,63.8,51.2,260.0,4.57,115.6,,69.4,86.2,43.7,1603.0,696192.0,6.5,1.6
COM,Comoros,Sub-Saharan Africa,Afrique de l'Est,Lower middle income,Revenu intermédiaire (tranche inf.),2014,64.1,50.0,247.0,4.49,113.6,73.6,71.8,86.1,45.0,1616.0,711503.0,7.0,1.62
COM,Comoros,Sub-Saharan Africa,Afrique de l'Est,Lower middle income,Revenu intermédiaire (tranche inf.),2015,64.5,48.9,237.0,4.42,111.1,,74.1,86.0,46.3,1329.0,726682.0,7.5,1.33
COM,Comoros,Sub-Saharan Africa,Afrique de l'Est,Lower middle income,Revenu intermédiaire (tranche inf.),2016,64.8,47.9,225.0,4.35,108.7,,76.4,85.9,47.6,1365.0,741741.0,7.9,1.36
COM,Comoros,Sub-Saharan Africa,Afrique de l'Est,Lower middle income,Revenu intermédiaire (tranche inf.),2017,65.1,46.9,219.0,4.28,106.2,,78.7,85.8,48.9,1424.0,756669.0,8.5,1.42
COM,Comoros,Sub-Saharan Africa,Afrique de l'Est,Lower middle income,Revenu intermédiaire (tranche inf.),2018,65.4,45.8,209.0,4.21,107.1,,81.0,85.7,50.2,1541.0,771590.0,12.4,1.54
COM,Comoros,Sub-Saharan Africa,Afrique de l'Est,Lower middle income,Revenu intermédiaire (tranche inf.),2019,65.7,44.8,202.0,4.14,100.3,,83.3,85.6,51.4,1519.0,786578.0,16.4,1.52
COM,Comoros,Sub-Saharan Africa,Afrique de l'Est,Lower middle income,Revenu intermédiaire (tranche inf.),2020,65.8,43.7,198.0,4.07,93.6,,85.6,85.5,52.6,1527.0,802163.0,22.4,1.53
COM,Comoros,Sub-Saharan Africa,Afrique de l'Est,Lower middle income,Revenu intermédiaire (tranche inf.),2021,65.2,42.6,215.0,4.0,86.8,75.6,87.9,85.4,53.8,1588.0,818174.0,30.7,1.59
COM,Comoros,Sub-Saharan Africa,Afrique de l'Est,Lower middle income,Revenu intermédiaire (tranche inf.),2022,66.5,41.4,186.0,3.94,98.1,,89.9,85.3,55.0,1534.0,834188.0,31.4,1.53
COM,Comoros,Sub-Saharan Africa,Afrique de l'Est,Lower middle income,Revenu intermédiaire (tranche inf.),2023,66.8,40.2,179.0,3.88,98.1,,89.8,85.2,56.1,1724.0,850387.0,31.9,1.72
COD,"Congo, Democratic Republic of",Sub-Saharan Africa,Afrique centrale,Low income,Revenu faible,2000,51.9,184.6,585.0,6.7,61.0,,6.7,37.5,23.7,378.0,50507442.0,0.0,0.38
COD,"Congo, Democratic Republic of",Sub-Saharan Africa,Afrique centrale,Low income,Revenu faible,2001,52.2,178.4,588.0,6.66,61.0,67.2,7.1,37.5,23.3,143.0,52132646.0,0.0,0.14
COD,"Congo, Democratic Republic of",Sub-Saharan Africa,Afrique centrale,Low income,Revenu faible,2002,52.4,172.2,601.0,6.61,61.0,,7.7,37.5,22.8,162.0,53750524.0,0.1,0.16
COD,"Congo, Democratic Republic of",Sub-Saharan Africa,Afrique centrale,Low income,Revenu faible,2003,53.0,165.9,605.0,6.55,65.5,,8.3,37.4,22.4,161.0,55343867.0,0.1,0.16
COD,"Congo, Democratic Republic of",Sub-Saharan Africa,Afrique centrale,Low income,Revenu faible,2004,53.5,159.4,607.0,6.53,70.0,,9.0,37.4,21.9,181.0,56997741.0,0.2,0.18
COD,"Congo, Democratic Republic of",Sub-Saharan Africa,Afrique centrale,Low income,Revenu faible,2005,54.0,124.4,613.0,6.53,74.5,,6.0,37.3,21.5,215.0,58775724.0,0.2,0.22
COD,"Congo, Democratic Republic of",Sub-Saharan Africa,Afrique centrale,Low income,Revenu faible,2006,54.5,118.9,619.0,6.55,79.0,,10.2,37.3,21.1,255.0,60615908.0,0.3,0.26
COD,"Congo, Democratic Republic of",Sub-Saharan Africa,Afrique centrale,Low income,Revenu faible,2007,55.0,113.8,631.0,6.56,83.5,,15.2,37.2,20.7,294.0,62477752.0,0.4,0.29
COD,"Congo, Democratic Republic of",Sub-Saharan Africa,Afrique centrale,Low income,Revenu faible,2008,55.4,109.2,620.0,6.58,91.9,,11.6,37.1,20.3,353.0,64390664.0,0.4,0.35
COD,"Congo, Democratic Republic of",Sub-Saharan Africa,Afrique centrale,Low income,Revenu faible,2009,55.8,105.0,608.0,6.59,91.9,,12.3,37.0,19.9,280.0,66412044.0,0.6,0.28
COD,"Congo, Democratic Republic of",Sub-Saharan Africa,Afrique centrale,Low income,Revenu faible,2010,56.4,101.4,601.0,6.59,92.1,,13.0,36.9,19.5,352.0,68563038.0,0.7,0.35
COD,"Congo, Democratic Republic of",Sub-Saharan Africa,Afrique centrale,Low income,Revenu faible,2011,56.9,98.3,589.0,6.58,93.5,,13.7,36.8,19.1,373.0,70849311.0,1.2,0.37
COD,"Congo, Democratic Republic of",Sub-Saharan Africa,Afrique centrale,Low income,Revenu faible,2012,57.4,95.9,578.0,6.56,98.2,75.0,15.4,36.7,18.8,410.0,73254618.0,1.7,0.41
COD,"Congo, Democratic Republic of",Sub-Saharan Africa,Afrique centrale,Low income,Revenu faible,2013,57.8,94.1,567.0,6.53,99.9,,15.2,36.6,18.4,460.0,75789395.0,2.2,0.46
COD,"Congo, Democratic Republic of",Sub-Saharan Africa,Afrique centrale,Low income,Revenu faible,2014,58.2,92.7,558.0,6.48,103.9,,13.5,36.4,18.0,489.0,78403242.0,3.0,0.49
COD,"Congo, Democratic Republic of",Sub-Saharan Africa,Afrique centrale,Low income,Revenu faible,2015,58.7,91.9,545.0,6.44,102.1,,16.6,36.3,17.7,496.0,81035531.0,3.8,0.5
COD,"Congo, Democratic Republic of",Sub-Saharan Africa,Afrique centrale,Low income,Revenu faible,2016,59.1,91.5,526.0,6.39,105.2,77.0,17.3,36.2,17.4,460.0,83956415.0,10.1,0.46
COD,"Congo, Democratic Republic of",Sub-Saharan Africa,Afrique centrale,Low income,Revenu faible,2017,59.5,91.5,519.0,6.35,108.3,,18.0,36.0,17.0,431.0,87083398.0,10.9,0.43
COD,"Congo, Democratic Republic of",Sub-Saharan Africa,Afrique centrale,Low income,Revenu faible,2018,59.9,91.7,508.0,6.3,111.5,73.6,18.7,35.9,16.7,518.0,90047644.0,11.7,0.52
COD,"Congo, Democratic Republic of",Sub-Saharan Africa,Afrique centrale,Low income,Revenu faible,2019,60.2,92.2,493.0,6.25,113.7,,19.1,35.7,16.4,504.0,92947442.0,13.0,0.5
COD,"Congo, Democratic Republic of",Sub-Saharan Africa,Afrique centrale,Low income,Revenu faible,2020,60.4,92.7,489.0,6.21,115.9,65.7,20.1,35.5,16.1,486.0,95989998.0,14.5,0.49
COD,"Congo, Democratic Republic of",Sub-Saharan Africa,Afrique centrale,Low income,Revenu faible,2021,60.0,92.9,507.0,6.16,120.1,,20.8,35.3,16.1,596.0,99148932.0,16.2,0.6
COD,"Congo, Democratic Republic of",Sub-Saharan Africa,Afrique centrale,Low income,Revenu faible,2022,61.0,92.5,456.0,6.11,118.8,,21.5,35.1,16.2,688.0,102396968.0,18.0,0.69
COD,"Congo, Democratic Republic of",Sub-Saharan Africa,Afrique centrale,Low income,Revenu faible,2023,61.9,91.3,427.0,6.05,117.6,68.5,22.1,35.4,16.2,660.0,105789731.0,19.0,0.66
COG,"Congo, Republic of",Sub-Saharan Africa,Afrique centrale,Lower middle income,Revenu intermédiaire (tranche inf.),2000,55.4,112.5,509.0,4.72,83.2,,29.4,58.4,11.9,1024.0,3151345.0,0.0,1.02
COG,"Congo, Republic of",Sub-Saharan Africa,Afrique centrale,Lower middle income,Revenu intermédiaire (tranche inf.),2001,55.9,109.3,489.0,4.67,96.8,,30.3,58.7,12.0,855.0,3272537.0,0.0,0.86
COG,"Congo, Republic of",Sub-Saharan Africa,Afrique centrale,Lower middle income,Revenu intermédiaire (tranche inf.),2002,56.4,104.6,464.0,4.7,99.1,,31.2,59.2,12.3,906.0,3350771.0,0.2,0.91
COG,"Congo, Republic of",Sub-Saharan Africa,Afrique centrale,Lower middle income,Revenu intermédiaire (tranche inf.),2003,57.1,98.9,436.0,4.7,94.0,,32.1,59.7,12.6,1017.0,3445753.0,0.5,1.02
COG,"Congo, Republic of",Sub-Saharan Africa,Afrique centrale,Lower middle income,Revenu intermédiaire (tranche inf.),2004,58.0,92.3,400.0,4.69,105.2,,33.0,60.6,13.1,1306.0,3565554.0,1.1,1.31
COG,"Congo, Republic of",Sub-Saharan Africa,Afrique centrale,Lower middle income,Revenu intermédiaire (tranche inf.),2005,58.7,85.7,385.0,4.67,105.2,76.1,33.8,61.6,13.6,1799.0,3696393.0,1.5,1.8
COG,"Congo, Republic of",Sub-Saharan Africa,Afrique centrale,Lower middle income,Revenu intermédiaire (tranche inf.),2006,59.5,79.5,394.0,4.65,106.4,,34.9,62.5,14.0,2104.0,3837409.0,2.0,2.1
COG,"Congo, Republic of",Sub-Saharan Africa,Afrique centrale,Lower middle income,Revenu intermédiaire (tranche inf.),2007,60.0,73.9,370.0,4.65,105.0,,35.8,63.4,14.5,2206.0,3980430.0,2.8,2.21
COG,"Congo, Republic of",Sub-Saharan Africa,Afrique centrale,Lower middle income,Revenu intermédiaire (tranche inf.),2008,60.8,69.2,395.0,4.73,103.2,,36.8,64.4,15.0,2832.0,4113517.0,4.3,2.83
COG,"Congo, Republic of",Sub-Saharan Africa,Afrique centrale,Lower middle income,Revenu intermédiaire (tranche inf.),2009,61.2,65.3,414.0,4.81,107.3,,37.1,65.3,15.6,2271.0,4281219.0,4.5,2.27
COG,"Congo, Republic of",Sub-Saharan Africa,Afrique centrale,Lower middle income,Revenu intermédiaire (tranche inf.),2010,61.7,62.4,382.0,4.85,109.0,,40.0,66.3,16.1,2947.0,4462290.0,5.0,2.95
COG,"Congo, Republic of",Sub-Saharan Africa,Afrique centrale,Lower middle income,Revenu intermédiaire (tranche inf.),2011,62.3,60.0,378.0,4.83,108.5,,40.8,67.2,16.6,3396.0,4609724.0,5.6,3.4
COG,"Congo, Republic of",Sub-Saharan Africa,Afrique centrale,Lower middle income,Revenu intermédiaire (tranche inf.),2012,62.7,57.9,374.0,4.78,105.5,,41.6,68.1,17.2,3732.0,4740450.0,6.1,3.73
COG,"Congo, Republic of",Sub-Saharan Africa,Afrique centrale,Lower middle income,Revenu intermédiaire (tranche inf.),2013,63.0,56.2,320.0,4.73,102.5,,42.5,69.0,17.8,3697.0,4857099.0,6.6,3.7
COG,"Congo, Republic of",Sub-Saharan Africa,Afrique centrale,Lower middle income,Revenu intermédiaire (tranche inf.),2014,63.3,54.5,302.0,4.66,99.5,,43.4,70.0,18.3,3601.0,4975880.0,7.1,3.6
COG,"Congo, Republic of",Sub-Saharan Africa,Afrique centrale,Lower middle income,Revenu intermédiaire (tranche inf.),2015,63.7,52.7,284.0,4.61,96.5,,44.3,70.9,18.9,2439.0,5097581.0,7.6,2.44
COG,"Congo, Republic of",Sub-Saharan Africa,Afrique centrale,Lower middle income,Revenu intermédiaire (tranche inf.),2016,63.9,51.0,263.0,4.55,93.5,,45.3,71.8,19.5,2093.0,5222536.0,8.1,2.09
COG,"Congo, Republic of",Sub-Saharan Africa,Afrique centrale,Lower middle income,Revenu intermédiaire (tranche inf.),2017,64.2,49.3,262.0,4.5,90.5,,46.2,72.7,20.2,2212.0,5351011.0,8.6,2.21
COG,"Congo, Republic of",Sub-Saharan Africa,Afrique centrale,Lower middle income,Revenu intermédiaire (tranche inf.),2018,64.5,47.6,259.0,4.44,87.5,,47.0,72.9,20.3,2694.0,5483118.0,11.8,2.69
COG,"Congo, Republic of",Sub-Saharan Africa,Afrique centrale,Lower middle income,Revenu intermédiaire (tranche inf.),2019,63.2,52.2,245.0,4.38,87.5,,47.7,73.1,20.4,2488.0,5616661.0,16.1,2.49
COG,"Congo, Republic of",Sub-Saharan Africa,Afrique centrale,Lower middle income,Revenu intermédiaire (tranche inf.),2020,64.4,44.5,247.0,4.33,87.6,,48.7,73.3,20.5,1994.0,5752791.0,22.0,1.99
COG,"Congo, Republic of",Sub-Saharan Africa,Afrique centrale,Lower middle income,Revenu intermédiaire (tranche inf.),2021,64.2,43.0,301.0,4.28,87.7,,49.7,73.5,20.6,2516.0,5892183.0,30.0,2.52
COG,"Congo, Republic of",Sub-Saharan Africa,Afrique centrale,Lower middle income,Revenu intermédiaire (tranche inf.),2022,65.0,41.5,241.0,4.22,87.8,,50.6,73.5,20.6,2621.0,6035104.0,41.0,2.62
COG,"Congo, Republic of",Sub-Saharan Africa,Afrique centrale,Lower middle income,Revenu intermédiaire (tranche inf.),2023,65.8,40.3,241.0,4.16,87.9,,51.3,73.5,20.6,2478.0,6182885.0,43.2,2.48
CIV,Côte d'Ivoire,Sub-Saharan Africa,Afrique de l'Ouest,Lower middle income,Revenu intermédiaire (tranche inf.),2000,51.4,140.4,378.0,5.77,64.5,48.7,48.7,68.8,20.0,937.0,17699004.0,0.2,0.94
CIV,Côte d'Ivoire,Sub-Saharan Africa,Afrique de l'Ouest,Lower middle income,Revenu intermédiaire (tranche inf.),2001,51.4,136.9,405.0,5.7,66.3,,49.7,69.2,20.7,925.0,18178913.0,0.4,0.92
CIV,Côte d'Ivoire,Sub-Saharan Africa,Afrique de l'Ouest,Lower middle income,Revenu intermédiaire (tranche inf.),2002,51.5,133.1,427.0,5.64,66.9,,51.4,69.6,21.4,968.0,18654771.0,0.5,0.97
CIV,Côte d'Ivoire,Sub-Saharan Africa,Afrique de l'Ouest,Lower middle income,Revenu intermédiaire (tranche inf.),2003,51.4,129.2,451.0,5.57,63.0,,51.5,69.9,22.1,1111.0,19125542.0,0.8,1.11
CIV,Côte d'Ivoire,Sub-Saharan Africa,Afrique de l'Ouest,Lower middle income,Revenu intermédiaire (tranche inf.),2004,51.9,125.3,456.0,5.53,61.9,,52.4,70.3,22.7,1200.0,19595000.0,0.8,1.2
CIV,Côte d'Ivoire,Sub-Saharan Africa,Afrique de l'Ouest,Lower middle income,Revenu intermédiaire (tranche inf.),2005,52.4,121.2,492.0,5.5,60.7,,58.9,70.7,23.6,1198.0,20068458.0,1.0,1.2
CIV,Côte d'Ivoire,Sub-Saharan Africa,Afrique de l'Ouest,Lower middle income,Revenu intermédiaire (tranche inf.),2006,52.9,117.4,544.0,5.45,59.6,,60.2,71.1,24.4,1230.0,20546802.0,1.5,1.23
CIV,Côte d'Ivoire,Sub-Saharan Africa,Afrique de l'Ouest,Lower middle income,Revenu intermédiaire (tranche inf.),2007,53.5,113.5,567.0,5.4,59.5,,55.3,71.4,25.2,1368.0,21030558.0,1.8,1.37
CIV,Côte d'Ivoire,Sub-Saharan Africa,Afrique de l'Ouest,Lower middle income,Revenu intermédiaire (tranche inf.),2008,54.2,109.0,562.0,5.36,62.3,,60.3,71.8,26.0,1584.0,21514439.0,1.9,1.58
CIV,Côte d'Ivoire,Sub-Saharan Africa,Afrique de l'Ouest,Lower middle income,Revenu intermédiaire (tranche inf.),2009,54.7,105.2,588.0,5.33,63.1,,57.3,72.2,26.9,1540.0,21997940.0,2.0,1.54
CIV,Côte d'Ivoire,Sub-Saharan Africa,Afrique de l'Ouest,Lower middle income,Revenu intermédiaire (tranche inf.),2010,55.3,101.6,592.0,5.29,68.3,,58.4,72.5,27.7,1554.0,22488065.0,2.7,1.55
CIV,Côte d'Ivoire,Sub-Saharan Africa,Afrique de l'Ouest,Lower middle income,Revenu intermédiaire (tranche inf.),2011,56.0,98.4,569.0,5.24,73.6,,55.8,72.9,28.6,1597.0,22982000.0,2.9,1.6
CIV,Côte d'Ivoire,Sub-Saharan Africa,Afrique de l'Ouest,Lower middle income,Revenu intermédiaire (tranche inf.),2012,56.6,95.3,566.0,5.19,78.3,,55.8,73.2,29.5,1547.0,23467078.0,4.4,1.55
CIV,Côte d'Ivoire,Sub-Saharan Africa,Afrique de l'Ouest,Lower middle income,Revenu intermédiaire (tranche inf.),2013,57.1,92.0,544.0,5.14,80.7,,61.5,73.6,30.3,1786.0,23939775.0,6.6,1.79
CIV,Côte d'Ivoire,Sub-Saharan Africa,Afrique de l'Ouest,Lower middle income,Revenu intermédiaire (tranche inf.),2014,57.8,88.6,522.0,5.07,83.7,43.9,61.9,73.9,31.2,1991.0,24527395.0,10.0,1.99
CIV,Côte d'Ivoire,Sub-Saharan Africa,Afrique de l'Ouest,Lower middle income,Revenu intermédiaire (tranche inf.),2015,58.3,85.5,505.0,4.97,85.3,,62.6,74.3,32.1,1815.0,25246342.0,38.4,1.82
CIV,Côte d'Ivoire,Sub-Saharan Africa,Afrique de l'Ouest,Lower middle income,Revenu intermédiaire (tranche inf.),2016,58.8,83.0,488.0,4.87,88.0,50.0,64.3,74.6,33.0,1863.0,25989405.0,41.2,1.86
CIV,Côte d'Ivoire,Sub-Saharan Africa,Afrique de l'Ouest,Lower middle income,Revenu intermédiaire (tranche inf.),2017,59.3,80.5,465.0,4.76,88.2,,65.6,75.0,33.9,1964.0,26733372.0,43.8,1.96
CIV,Côte d'Ivoire,Sub-Saharan Africa,Afrique de l'Ouest,Lower middle income,Revenu intermédiaire (tranche inf.),2018,59.8,77.9,449.0,4.6,88.2,,67.1,75.3,34.9,2131.0,27464173.0,37.5,2.13
CIV,Côte d'Ivoire,Sub-Saharan Africa,Afrique de l'Ouest,Lower middle income,Revenu intermédiaire (tranche inf.),2019,60.3,75.3,429.0,4.52,88.5,57.0,68.6,75.6,35.8,2142.0,28193009.0,36.3,2.14
CIV,Côte d'Ivoire,Sub-Saharan Africa,Afrique de l'Ouest,Lower middle income,Revenu intermédiaire (tranche inf.),2020,60.1,73.0,447.0,4.46,88.6,,69.9,76.0,36.8,2180.0,28915449.0,36.0,2.18
CIV,Côte d'Ivoire,Sub-Saharan Africa,Afrique de l'Ouest,Lower middle income,Revenu intermédiaire (tranche inf.),2021,60.3,70.8,459.0,4.41,85.8,50.0,71.1,76.3,37.7,2456.0,29639736.0,36.0,2.46
CIV,Côte d'Ivoire,Sub-Saharan Africa,Afrique de l'Ouest,Lower middle income,Revenu intermédiaire (tranche inf.),2022,61.6,68.7,409.0,4.35,86.5,,70.4,76.7,38.7,2333.0,30395002.0,38.4,2.33
CIV,Côte d'Ivoire,Sub-Saharan Africa,Afrique de l'Ouest,Lower middle income,Revenu intermédiaire (tranche inf.),2023,61.9,66.5,359.0,4.28,91.8,,72.4,77.0,39.6,2592.0,31165654.0,40.7,2.59
DJI,Djibouti,Middle East & North Africa,Afrique de l'Est,Lower middle income,Revenu intermédiaire (tranche inf.),2000,56.7,98.5,501.0,4.6,,,56.0,74.3,43.8,738.0,747318.0,0.2,0.74
DJI,Djibouti,Middle East & North Africa,Afrique de l'Est,Lower middle income,Revenu intermédiaire (tranche inf.),2001,57.5,96.3,441.0,4.52,,,56.1,74.5,43.8,742.0,771313.0,0.3,0.74
DJI,Djibouti,Middle East & North Africa,Afrique de l'Est,Lower middle income,Revenu intermédiaire (tranche inf.),2002,57.8,94.0,404.0,4.41,,,49.7,74.7,43.8,743.0,795574.0,0.5,0.74
DJI,Djibouti,Middle East & North Africa,Afrique de l'Est,Lower middle income,Revenu intermédiaire (tranche inf.),2003,58.0,91.6,391.0,4.3,,,56.4,75.0,43.9,765.0,813519.0,0.6,0.76
DJI,Djibouti,Middle East & North Africa,Afrique de l'Est,Lower middle income,Revenu intermédiaire (tranche inf.),2004,58.1,89.3,364.0,4.16,,,56.6,75.2,43.9,806.0,826124.0,0.8,0.81
DJI,Djibouti,Middle East & North Africa,Afrique de l'Est,Lower middle income,Revenu intermédiaire (tranche inf.),2005,58.5,86.9,315.0,4.04,,,56.8,75.4,45.4,844.0,839167.0,1.0,0.84
DJI,Djibouti,Middle East & North Africa,Afrique de l'Est,Lower middle income,Revenu intermédiaire (tranche inf.),2006,59.0,84.6,298.0,3.9,,,55.5,75.6,46.9,898.0,855764.0,1.3,0.9
DJI,Djibouti,Middle East & North Africa,Afrique de l'Est,Lower middle income,Revenu intermédiaire (tranche inf.),2007,59.4,82.3,285.0,3.76,,,57.2,75.8,48.5,970.0,874528.0,1.6,0.97
DJI,Djibouti,Middle East & North Africa,Afrique de l'Est,Lower middle income,Revenu intermédiaire (tranche inf.),2008,59.8,79.9,273.0,3.62,,,57.4,76.0,50.0,1119.0,892734.0,2.3,1.12
DJI,Djibouti,Middle East & North Africa,Afrique de l'Est,Lower middle income,Revenu intermédiaire (tranche inf.),2009,60.4,77.7,263.0,3.52,,,57.6,76.3,51.5,1151.0,911527.0,4.0,1.15
DJI,Djibouti,Middle East & North Africa,Afrique de l'Est,Lower middle income,Revenu intermédiaire (tranche inf.),2010,60.7,75.5,243.0,3.43,,,57.9,76.5,53.0,1213.0,930251.0,6.5,1.21
DJI,Djibouti,Middle East & North Africa,Afrique de l'Est,Lower middle income,Revenu intermédiaire (tranche inf.),2011,61.3,73.4,229.0,3.34,,,58.1,76.7,54.5,1306.0,948558.0,7.0,1.31
DJI,Djibouti,Middle East & North Africa,Afrique de l'Est,Lower middle income,Revenu intermédiaire (tranche inf.),2012,61.7,71.3,221.0,3.26,,,54.6,76.9,56.0,1400.0,966747.0,9.4,1.4
DJI,Djibouti,Middle East & North Africa,Afrique de l'Est,Lower middle income,Revenu intermédiaire (tranche inf.),2013,62.1,69.2,219.0,3.19,,,58.6,77.1,57.5,2076.0,984824.0,12.7,2.08
DJI,Djibouti,Middle East & North Africa,Afrique de l'Est,Lower middle income,Revenu intermédiaire (tranche inf.),2014,62.4,67.2,212.0,3.12,,,58.9,77.4,59.1,2215.0,1002717.0,17.0,2.22
DJI,Djibouti,Middle East & North Africa,Afrique de l'Est,Lower middle income,Revenu intermédiaire (tranche inf.),2015,62.8,65.2,210.0,3.04,,,59.1,77.6,60.6,2376.0,1020313.0,22.9,2.38
DJI,Djibouti,Middle East & North Africa,Afrique de l'Est,Lower middle income,Revenu intermédiaire (tranche inf.),2016,63.3,63.2,204.0,2.97,,,59.8,77.8,62.1,2510.0,1037653.0,30.8,2.51
DJI,Djibouti,Middle East & North Africa,Afrique de l'Est,Lower middle income,Revenu intermédiaire (tranche inf.),2017,63.7,61.2,201.0,2.92,,,60.2,78.0,63.6,2619.0,1054841.0,55.7,2.62
DJI,Djibouti,Middle East & North Africa,Afrique de l'Est,Lower middle income,Revenu intermédiaire (tranche inf.),2018,64.1,59.4,199.0,2.86,,,62.4,78.3,65.1,2718.0,1071882.0,57.1,2.72
DJI,Djibouti,Middle East & North Africa,Afrique de l'Est,Lower middle income,Revenu intermédiaire (tranche inf.),2019,64.4,57.5,194.0,2.8,,,64.7,78.5,66.7,2837.0,1088709.0,58.5,2.84
DJI,Djibouti,Middle East & North Africa,Afrique de l'Est,Lower middle income,Revenu intermédiaire (tranche inf.),2020,64.2,55.7,192.0,2.74,,,64.5,78.7,66.7,2845.0,1105188.0,59.9,2.84
DJI,Djibouti,Middle East & North Africa,Afrique de l'Est,Lower middle income,Revenu intermédiaire (tranche inf.),2021,63.8,54.0,221.0,2.7,,,65.4,79.0,66.8,3026.0,1121248.0,61.4,3.03
DJI,Djibouti,Middle East & North Africa,Afrique de l'Est,Lower middle income,Revenu intermédiaire (tranche inf.),2022,65.5,52.1,174.0,2.65,,,65.0,79.2,66.9,3133.0,1137096.0,63.8,3.13
DJI,Djibouti,Middle East & North Africa,Afrique de l'Est,Lower middle income,Revenu intermédiaire (tranche inf.),2023,66.0,50.5,162.0,2.61,,,65.2,79.4,67.0,3381.0,1152944.0,64.8,3.38
EGY,"Egypt, Arab Republic of",Middle East & North Africa,Afrique du Nord,Lower middle income,Revenu intermédiaire (tranche inf.),2000,67.3,47.3,53.0,3.5,89.1,,97.7,99.0,92.0,1366.0,73083284.0,0.6,1.37
EGY,"Egypt, Arab Republic of",Middle East & North Africa,Afrique du Nord,Lower middle income,Revenu intermédiaire (tranche inf.),2001,67.6,44.8,50.0,3.46,88.6,,97.4,98.9,92.2,1295.0,74652029.0,0.8,1.3
EGY,"Egypt, Arab Republic of",Middle East & North Africa,Afrique du Nord,Lower middle income,Revenu intermédiaire (tranche inf.),2002,67.8,42.5,48.0,3.41,89.0,,97.5,98.9,92.4,1117.0,76239137.0,2.7,1.12
EGY,"Egypt, Arab Republic of",Middle East & North Africa,Afrique du Nord,Lower middle income,Revenu intermédiaire (tranche inf.),2003,68.0,40.4,45.0,3.35,89.3,,98.8,98.8,92.6,1031.0,77853548.0,4.0,1.03
EGY,"Egypt, Arab Republic of",Middle East & North Africa,Afrique du Nord,Lower middle income,Revenu intermédiaire (tranche inf.),2004,68.2,38.6,43.0,3.28,89.4,,97.8,98.7,92.8,991.0,79477443.0,11.9,0.99
EGY,"Egypt, Arab Republic of",Middle East & North Africa,Afrique du Nord,Lower middle income,Revenu intermédiaire (tranche inf.),2005,68.4,37.0,41.0,3.25,89.0,67.3,99.4,98.6,93.0,1106.0,81101004.0,12.8,1.11
EGY,"Egypt, Arab Republic of",Middle East & North Africa,Afrique du Nord,Lower middle income,Revenu intermédiaire (tranche inf.),2006,68.5,35.6,40.0,3.22,90.0,66.4,99.0,98.6,93.3,1299.0,82700403.0,13.7,1.3
EGY,"Egypt, Arab Republic of",Middle East & North Africa,Afrique du Nord,Lower middle income,Revenu intermédiaire (tranche inf.),2007,68.6,34.2,38.0,3.24,90.5,,98.4,98.5,93.5,1548.0,84276225.0,16.0,1.55
EGY,"Egypt, Arab Republic of",Middle East & North Africa,Afrique du Nord,Lower middle income,Revenu intermédiaire (tranche inf.),2008,68.8,32.8,36.0,3.24,90.9,,99.8,98.4,93.7,1896.0,85864789.0,18.0,1.9
EGY,"Egypt, Arab Republic of",Middle East & North Africa,Afrique du Nord,Lower middle income,Revenu intermédiaire (tranche inf.),2009,68.9,31.6,34.0,3.26,91.2,,98.9,98.4,93.9,2162.0,87501636.0,20.0,2.16
EGY,"Egypt, Arab Republic of",Middle East & North Africa,Afrique du Nord,Lower middle income,Revenu intermédiaire (tranche inf.),2010,69.1,30.5,32.0,3.3,90.9,72.1,99.4,98.3,94.1,2455.0,89196072.0,21.6,2.46
EGY,"Egypt, Arab Republic of",Middle East & North Africa,Afrique du Nord,Lower middle income,Revenu intermédiaire (tranche inf.),2011,69.2,29.5,31.0,3.31,87.5,,99.4,98.2,94.3,2591.0,91093059.0,25.6,2.59
EGY,"Egypt, Arab Republic of",Middle East & North Africa,Afrique du Nord,Lower middle income,Revenu intermédiaire (tranche inf.),2012,69.5,28.6,29.0,3.4,91.9,73.9,99.7,98.1,94.5,2996.0,93161001.0,26.4,3.0
EGY,"Egypt, Arab Republic of",Middle East & North Africa,Afrique du Nord,Lower middle income,Revenu intermédiaire (tranche inf.),2013,69.6,27.8,27.0,3.49,91.6,72.4,99.9,98.1,94.7,3026.0,95333553.0,29.4,3.03
EGY,"Egypt, Arab Republic of",Middle East & North Africa,Afrique du Nord,Lower middle income,Revenu intermédiaire (tranche inf.),2014,69.9,27.1,26.0,3.49,89.2,,99.8,98.0,94.9,3133.0,97528654.0,33.9,3.13
EGY,"Egypt, Arab Republic of",Middle East & North Africa,Afrique du Nord,Lower middle income,Revenu intermédiaire (tranche inf.),2015,70.1,26.5,24.0,3.5,89.7,,99.3,97.9,95.2,3307.0,99597342.0,37.8,3.31
EGY,"Egypt, Arab Republic of",Middle East & North Africa,Afrique du Nord,Lower middle income,Revenu intermédiaire (tranche inf.),2016,70.4,26.0,23.0,3.35,90.1,,100.0,97.9,95.4,3271.0,101644589.0,41.2,3.27
EGY,"Egypt, Arab Republic of",Middle East & North Africa,Afrique du Nord,Lower middle income,Revenu intermédiaire (tranche inf.),2017,70.7,25.6,21.0,3.31,90.7,71.2,100.0,97.8,95.6,2395.0,103696057.0,45.0,2.4
EGY,"Egypt, Arab Republic of",Middle East & North Africa,Afrique du Nord,Lower middle income,Revenu intermédiaire (tranche inf.),2018,71.0,25.2,20.0,3.02,92.7,,100.0,97.7,95.8,2485.0,105682094.0,46.9,2.48
EGY,"Egypt, Arab Republic of",Middle East & North Africa,Afrique du Nord,Lower middle income,Revenu intermédiaire (tranche inf.),2019,71.2,24.8,19.0,2.87,94.3,,100.0,97.6,96.0,2963.0,107553158.0,57.3,2.96
EGY,"Egypt, Arab Republic of",Middle East & North Africa,Afrique du Nord,Lower middle income,Revenu intermédiaire (tranche inf.),2020,69.8,24.4,31.0,2.85,95.6,,100.0,97.6,96.2,3511.0,109315124.0,71.9,3.51
EGY,"Egypt, Arab Republic of",Middle East & North Africa,Afrique du Nord,Lower middle income,Revenu intermédiaire (tranche inf.),2021,69.0,24.0,42.0,2.75,97.0,82.1,100.0,97.5,96.4,3827.0,110957008.0,72.1,3.83
EGY,"Egypt, Arab Republic of",Middle East & North Africa,Afrique du Nord,Lower middle income,Revenu intermédiaire (tranche inf.),2022,71.0,23.5,24.0,2.75,89.5,79.5,100.0,97.4,96.6,4233.0,112618250.0,72.2,4.23
EGY,"Egypt, Arab Republic of",Middle East & North Africa,Afrique du Nord,Lower middle income,Revenu intermédiaire (tranche inf.),2023,71.6,22.9,17.0,2.75,95.9,,100.0,97.4,96.9,3457.0,114535772.0,74.0,3.46
GNQ,Equatorial Guinea,Sub-Saharan Africa,Afrique centrale,Upper middle income,Revenu intermédiaire (tranche sup.),2000,53.4,154.5,406.0,5.83,81.6,88.3,64.8,51.1,54.8,1487.0,703279.0,0.1,1.49
GNQ,Equatorial Guinea,Sub-Saharan Africa,Afrique centrale,Upper middle income,Revenu intermédiaire (tranche sup.),2001,53.8,150.2,388.0,5.78,82.3,,64.9,51.8,55.8,1949.0,749836.0,0.2,1.95
GNQ,Equatorial Guinea,Sub-Saharan Africa,Afrique centrale,Upper middle income,Revenu intermédiaire (tranche sup.),2002,54.3,145.9,364.0,5.73,78.6,,64.9,52.5,56.7,2264.0,797957.0,0.3,2.26
GNQ,Equatorial Guinea,Sub-Saharan Africa,Afrique centrale,Upper middle income,Revenu intermédiaire (tranche sup.),2003,54.8,141.5,343.0,5.68,71.2,,64.9,53.4,57.7,2931.0,847862.0,0.5,2.93
GNQ,Equatorial Guinea,Sub-Saharan Africa,Afrique centrale,Upper middle income,Revenu intermédiaire (tranche sup.),2004,55.3,137.0,323.0,5.62,69.8,,64.9,54.2,58.6,4901.0,899917.0,0.8,4.9
GNQ,Equatorial Guinea,Sub-Saharan Africa,Afrique centrale,Upper middle income,Revenu intermédiaire (tranche sup.),2005,55.8,132.3,312.0,5.56,68.4,,65.0,55.1,59.5,8674.0,947367.0,1.1,8.67
GNQ,Equatorial Guinea,Sub-Saharan Africa,Afrique centrale,Upper middle income,Revenu intermédiaire (tranche sup.),2006,56.4,127.4,299.0,5.5,64.7,,65.1,56.1,60.4,10185.0,990343.0,1.3,10.18
GNQ,Equatorial Guinea,Sub-Saharan Africa,Afrique centrale,Upper middle income,Revenu intermédiaire (tranche sup.),2007,56.9,122.6,289.0,5.43,60.9,,65.1,57.1,61.3,12617.0,1036044.0,1.6,12.62
GNQ,Equatorial Guinea,Sub-Saharan Africa,Afrique centrale,Upper middle income,Revenu intermédiaire (tranche sup.),2008,57.4,118.0,276.0,5.36,57.2,,65.2,58.2,62.2,18211.0,1084530.0,1.8,18.21
GNQ,Equatorial Guinea,Sub-Saharan Africa,Afrique centrale,Upper middle income,Revenu intermédiaire (tranche sup.),2009,57.9,113.5,267.0,5.29,56.3,,65.4,59.3,63.0,13233.0,1135673.0,2.1,13.23
GNQ,Equatorial Guinea,Sub-Saharan Africa,Afrique centrale,Upper middle income,Revenu intermédiaire (tranche sup.),2010,58.3,109.4,259.0,5.21,56.0,,66.1,60.4,63.8,13720.0,1189085.0,6.0,13.72
GNQ,Equatorial Guinea,Sub-Saharan Africa,Afrique centrale,Upper middle income,Revenu intermédiaire (tranche sup.),2011,58.8,105.6,254.0,5.13,54.7,,66.1,61.6,64.6,17198.0,1241835.0,11.5,17.2
GNQ,Equatorial Guinea,Sub-Saharan Africa,Afrique centrale,Upper middle income,Revenu intermédiaire (tranche sup.),2012,59.3,102.0,245.0,5.04,55.0,,65.7,62.9,65.4,17309.0,1293483.0,13.9,17.31
GNQ,Equatorial Guinea,Sub-Saharan Africa,Afrique centrale,Upper middle income,Revenu intermédiaire (tranche sup.),2013,59.8,98.6,236.0,4.95,52.5,,65.9,63.7,66.0,16304.0,1346218.0,16.4,16.3
GNQ,Equatorial Guinea,Sub-Saharan Africa,Afrique centrale,Upper middle income,Revenu intermédiaire (tranche sup.),2014,60.2,95.3,227.0,4.86,50.0,,66.0,63.9,66.1,15549.0,1399828.0,18.9,15.55
GNQ,Equatorial Guinea,Sub-Saharan Africa,Afrique centrale,Upper middle income,Revenu intermédiaire (tranche sup.),2015,60.6,92.1,222.0,4.77,47.5,,66.1,64.2,66.2,9069.0,1453923.0,21.3,9.07
GNQ,Equatorial Guinea,Sub-Saharan Africa,Afrique centrale,Upper middle income,Revenu intermédiaire (tranche sup.),2016,61.1,89.0,216.0,4.69,47.5,,66.2,64.4,66.2,7453.0,1508186.0,23.8,7.45
GNQ,Equatorial Guinea,Sub-Saharan Africa,Afrique centrale,Upper middle income,Revenu intermédiaire (tranche sup.),2017,61.5,86.1,212.0,4.6,47.5,,66.4,64.7,66.3,7809.0,1562396.0,26.2,7.81
GNQ,Equatorial Guinea,Sub-Saharan Africa,Afrique centrale,Upper middle income,Revenu intermédiaire (tranche sup.),2018,61.9,83.2,204.0,4.51,47.5,,66.5,64.7,66.3,8102.0,1616422.0,29.4,8.1
GNQ,Equatorial Guinea,Sub-Saharan Africa,Afrique centrale,Upper middle income,Revenu intermédiaire (tranche sup.),2019,62.3,80.7,198.0,4.43,47.5,,66.6,64.7,66.3,6804.0,1670177.0,49.1,6.8
GNQ,Equatorial Guinea,Sub-Saharan Africa,Afrique centrale,Upper middle income,Revenu intermédiaire (tranche sup.),2020,62.1,77.9,196.0,4.35,47.5,,66.7,64.7,66.3,5764.0,1716468.0,55.0,5.76
GNQ,Equatorial Guinea,Sub-Saharan Africa,Afrique centrale,Upper middle income,Revenu intermédiaire (tranche sup.),2021,62.4,75.1,202.0,4.27,47.5,,66.8,64.7,66.3,6946.0,1758786.0,58.7,6.95
GNQ,Equatorial Guinea,Sub-Saharan Africa,Afrique centrale,Upper middle income,Revenu intermédiaire (tranche sup.),2022,63.4,72.8,183.0,4.17,47.5,,67.0,64.7,66.3,7589.0,1803545.0,63.7,7.59
GNQ,Equatorial Guinea,Sub-Saharan Africa,Afrique centrale,Upper middle income,Revenu intermédiaire (tranche sup.),2023,63.7,70.4,174.0,4.08,47.5,,66.9,64.7,66.3,6788.0,1847549.0,63.5,6.79
ERI,Eritrea,Sub-Saharan Africa,Afrique de l'Est,Low income,Revenu faible,2000,56.3,85.3,741.0,5.4,95.3,,29.3,46.8,8.3,314.0,2247031.0,0.1,0.31
ERI,Eritrea,Sub-Saharan Africa,Afrique de l'Est,Low income,Revenu faible,2001,58.4,81.1,651.0,5.31,94.5,,30.3,47.1,8.6,325.0,2312079.0,0.2,0.32
ERI,Eritrea,Sub-Saharan Africa,Afrique de l'Est,Low income,Revenu faible,2002,58.9,77.3,636.0,5.23,101.3,52.5,32.2,47.4,9.0,305.0,2392978.0,0.2,0.3
ERI,Eritrea,Sub-Saharan Africa,Afrique de l'Est,Low income,Revenu faible,2003,59.5,73.8,588.0,5.14,107.5,,32.4,47.8,9.3,349.0,2493903.0,0.3,0.35
ERI,Eritrea,Sub-Saharan Africa,Afrique de l'Est,Low income,Revenu faible,2004,60.1,70.5,588.0,5.04,106.5,,33.4,48.1,9.6,427.0,2598284.0,0.3,0.43
ERI,Eritrea,Sub-Saharan Africa,Afrique de l'Est,Low income,Revenu faible,2005,60.6,67.5,567.0,4.93,103.6,,34.5,48.5,10.0,413.0,2661215.0,0.3,0.41
ERI,Eritrea,Sub-Saharan Africa,Afrique de l'Est,Low income,Revenu faible,2006,61.5,64.7,555.0,4.88,97.0,,35.6,48.9,10.3,448.0,2703502.0,0.4,0.45
ERI,Eritrea,Sub-Saharan Africa,Afrique de l'Est,Low income,Revenu faible,2007,62.0,62.0,541.0,4.81,87.2,,36.7,49.2,10.6,480.0,2743222.0,0.4,0.48
ERI,Eritrea,Sub-Saharan Africa,Afrique de l'Est,Low income,Revenu faible,2008,62.4,59.6,530.0,4.74,81.1,64.7,37.8,49.6,10.8,490.0,2816327.0,0.5,0.49
ERI,Eritrea,Sub-Saharan Africa,Afrique de l'Est,Low income,Revenu faible,2009,63.2,57.3,515.0,4.66,77.9,,38.9,49.8,11.0,643.0,2887885.0,0.5,0.64
ERI,Eritrea,Sub-Saharan Africa,Afrique de l'Est,Low income,Revenu faible,2010,63.7,55.2,498.0,4.57,73.6,,40.1,50.0,11.2,540.0,2945186.0,0.6,0.54
ERI,Eritrea,Sub-Saharan Africa,Afrique de l'Est,Low income,Revenu faible,2011,64.2,53.3,478.0,4.49,79.2,,41.2,50.2,11.4,689.0,2998485.0,0.7,0.69
ERI,Eritrea,Sub-Saharan Africa,Afrique de l'Est,Low income,Revenu faible,2012,64.7,51.4,458.0,4.41,82.6,,42.3,50.3,11.5,689.0,3036988.0,0.8,0.69
ERI,Eritrea,Sub-Saharan Africa,Afrique de l'Est,Low income,Revenu faible,2013,65.0,49.7,443.0,4.34,92.7,,43.5,50.7,11.6,689.0,3074360.0,0.9,0.69
ERI,Eritrea,Sub-Saharan Africa,Afrique de l'Est,Low income,Revenu faible,2014,65.5,48.1,430.0,4.27,83.3,,44.6,51.1,11.7,689.0,3095173.0,1.0,0.69
ERI,Eritrea,Sub-Saharan Africa,Afrique de l'Est,Low income,Revenu faible,2015,65.9,46.4,413.0,4.22,82.4,,45.8,51.5,11.8,689.0,3105546.0,1.1,0.69
ERI,Eritrea,Sub-Saharan Africa,Afrique de l'Est,Low income,Revenu faible,2016,66.2,44.7,395.0,4.16,80.4,,46.9,51.8,11.9,689.0,3124698.0,1.2,0.69
ERI,Eritrea,Sub-Saharan Africa,Afrique de l'Est,Low income,Revenu faible,2017,66.6,43.3,379.0,4.11,78.3,,48.0,51.8,11.9,689.0,3150347.0,2.5,0.69
ERI,Eritrea,Sub-Saharan Africa,Afrique de l'Est,Low income,Revenu faible,2018,67.0,41.9,363.0,4.06,78.8,,49.1,51.8,11.9,689.0,3192760.0,5.3,0.69
ERI,Eritrea,Sub-Saharan Africa,Afrique de l'Est,Low income,Revenu faible,2019,67.3,40.5,351.0,4.0,81.5,,50.3,51.8,11.9,689.0,3240194.0,11.2,0.69
ERI,Eritrea,Sub-Saharan Africa,Afrique de l'Est,Low income,Revenu faible,2020,67.0,39.1,334.0,3.93,84.3,,51.4,51.8,11.9,689.0,3291271.0,14.3,0.69
ERI,Eritrea,Sub-Saharan Africa,Afrique de l'Est,Low income,Revenu faible,2021,66.9,37.8,338.0,3.87,87.0,,52.5,51.8,11.9,689.0,3350183.0,14.3,0.69
ERI,Eritrea,Sub-Saharan Africa,Afrique de l'Est,Low income,Revenu faible,2022,67.8,36.6,301.0,3.79,89.7,,55.4,51.8,11.9,689.0,3409447.0,14.3,0.69
ERI,Eritrea,Sub-Saharan Africa,Afrique de l'Est,Low income,Revenu faible,2023,68.6,35.4,291.0,3.71,89.7,,54.4,51.8,11.9,689.0,3470390.0,14.3,0.69
SWZ,Eswatini,Sub-Saharan Africa,Afrique australe,Lower middle income,Revenu intermédiaire (tranche inf.),2000,47.6,112.5,361.0,4.03,98.6,81.7,20.4,52.4,50.3,1630.0,1041414.0,0.9,1.63
SWZ,Eswatini,Sub-Saharan Africa,Afrique australe,Lower middle income,Revenu intermédiaire (tranche inf.),2001,46.3,115.7,307.0,3.94,98.3,,26.9,53.4,50.7,1430.0,1051064.0,1.3,1.43
SWZ,Eswatini,Sub-Saharan Africa,Afrique australe,Lower middle income,Revenu intermédiaire (tranche inf.),2002,45.4,117.0,331.0,3.85,98.1,,25.9,54.5,51.3,1316.0,1059441.0,1.8,1.32
SWZ,Eswatini,Sub-Saharan Africa,Afrique australe,Lower middle income,Revenu intermédiaire (tranche inf.),2003,44.6,117.9,392.0,3.8,99.4,,28.7,55.5,51.8,2015.0,1066700.0,2.4,2.02
SWZ,Eswatini,Sub-Saharan Africa,Afrique australe,Lower middle income,Revenu intermédiaire (tranche inf.),2004,43.9,118.0,451.0,3.76,105.4,,31.4,56.6,52.4,2526.0,1073159.0,3.2,2.53
SWZ,Eswatini,Sub-Saharan Africa,Afrique australe,Lower middle income,Revenu intermédiaire (tranche inf.),2005,44.0,117.0,529.0,3.7,108.1,,34.2,57.7,52.9,2871.0,1079022.0,3.7,2.87
SWZ,Eswatini,Sub-Saharan Africa,Afrique australe,Lower middle income,Revenu intermédiaire (tranche inf.),2006,44.6,106.4,511.0,3.63,112.7,,35.2,58.7,53.5,2965.0,1084436.0,3.7,2.96
SWZ,Eswatini,Sub-Saharan Africa,Afrique australe,Lower middle income,Revenu intermédiaire (tranche inf.),2007,45.2,100.3,647.0,3.58,114.5,,39.8,59.8,54.1,3109.0,1090705.0,4.1,3.11
SWZ,Eswatini,Sub-Saharan Africa,Afrique australe,Lower middle income,Revenu intermédiaire (tranche inf.),2008,45.9,97.9,766.0,3.57,115.8,,42.6,61.1,54.7,2947.0,1098091.0,6.8,2.95
SWZ,Eswatini,Sub-Saharan Africa,Afrique australe,Lower middle income,Revenu intermédiaire (tranche inf.),2009,46.9,92.4,855.0,3.5,117.1,,38.6,62.3,55.3,3190.0,1105153.0,8.9,3.19
SWZ,Eswatini,Sub-Saharan Africa,Afrique australe,Lower middle income,Revenu intermédiaire (tranche inf.),2010,48.3,82.1,752.0,3.38,123.2,,45.6,63.5,55.9,3923.0,1111650.0,11.0,3.92
SWZ,Eswatini,Sub-Saharan Africa,Afrique australe,Lower middle income,Revenu intermédiaire (tranche inf.),2011,49.1,67.6,765.0,3.32,122.7,,51.2,64.7,56.6,4225.0,1117833.0,18.1,4.22
SWZ,Eswatini,Sub-Saharan Africa,Afrique australe,Lower middle income,Revenu intermédiaire (tranche inf.),2012,50.7,62.7,613.0,3.27,122.6,,54.3,65.9,57.2,4225.0,1123863.0,20.8,4.22
SWZ,Eswatini,Sub-Saharan Africa,Afrique australe,Lower middle income,Revenu intermédiaire (tranche inf.),2013,52.1,59.7,491.0,3.24,122.9,,57.5,67.1,57.8,3950.0,1129990.0,24.7,3.95
SWZ,Eswatini,Sub-Saharan Africa,Afrique australe,Lower middle income,Revenu intermédiaire (tranche inf.),2014,53.5,60.0,369.0,3.18,124.0,,65.0,68.3,58.4,3771.0,1136299.0,25.0,3.77
SWZ,Eswatini,Sub-Saharan Africa,Afrique australe,Lower middle income,Revenu intermédiaire (tranche inf.),2015,54.9,57.5,283.0,3.12,124.6,,64.1,69.5,59.0,3420.0,1142813.0,25.6,3.42
SWZ,Eswatini,Sub-Saharan Africa,Afrique australe,Lower middle income,Revenu intermédiaire (tranche inf.),2016,56.2,54.4,213.0,3.07,123.8,,63.4,70.7,59.6,3238.0,1149507.0,28.6,3.24
SWZ,Eswatini,Sub-Saharan Africa,Afrique australe,Lower middle income,Revenu intermédiaire (tranche inf.),2017,57.6,53.6,151.0,3.02,123.8,,73.5,71.9,60.2,3853.0,1158195.0,35.3,3.85
SWZ,Eswatini,Sub-Saharan Africa,Afrique australe,Lower middle income,Revenu intermédiaire (tranche inf.),2018,58.7,50.4,133.0,2.97,123.9,,74.0,73.1,60.8,3973.0,1168929.0,39.4,3.97
SWZ,Eswatini,Sub-Saharan Africa,Afrique australe,Lower middle income,Revenu intermédiaire (tranche inf.),2019,59.8,51.5,96.0,2.92,123.6,,77.0,74.3,61.5,3913.0,1179874.0,43.9,3.91
SWZ,Eswatini,Sub-Saharan Africa,Afrique australe,Lower middle income,Revenu intermédiaire (tranche inf.),2020,59.9,50.5,102.0,2.89,121.5,,80.0,75.5,62.1,3467.0,1192729.0,49.0,3.47
SWZ,Eswatini,Sub-Saharan Africa,Afrique australe,Lower middle income,Revenu intermédiaire (tranche inf.),2021,58.2,47.9,219.0,2.84,119.3,,82.9,76.7,62.7,3984.0,1206593.0,54.0,3.98
SWZ,Eswatini,Sub-Saharan Africa,Afrique australe,Lower middle income,Revenu intermédiaire (tranche inf.),2022,63.0,47.3,112.0,2.8,117.2,90.8,82.3,77.9,63.3,3894.0,1218917.0,57.3,3.89
SWZ,Eswatini,Sub-Saharan Africa,Afrique australe,Lower middle income,Revenu intermédiaire (tranche inf.),2023,64.1,46.2,118.0,2.75,116.5,,86.4,79.2,63.9,3756.0,1230506.0,61.3,3.76
ETH,Ethiopia,Sub-Saharan Africa,Afrique de l'Est,Low income,Revenu faible,2000,50.9,140.1,870.0,6.65,52.2,,12.7,18.8,3.0,122.0,67411494.0,0.0,0.12
ETH,Ethiopia,Sub-Saharan Africa,Afrique de l'Est,Low income,Revenu faible,2001,51.4,133.8,856.0,6.58,57.1,,10.2,20.3,3.2,118.0,69487762.0,0.0,0.12
ETH,Ethiopia,Sub-Saharan Africa,Afrique de l'Est,Low income,Revenu faible,2002,52.1,127.4,826.0,6.5,59.6,,11.9,21.8,3.5,110.0,71635517.0,0.1,0.11
ETH,Ethiopia,Sub-Saharan Africa,Afrique de l'Est,Low income,Revenu faible,2003,52.9,121.0,797.0,6.4,60.7,,13.5,23.3,3.7,117.0,73832663.0,0.1,0.12
ETH,Ethiopia,Sub-Saharan Africa,Afrique de l'Est,Low income,Revenu faible,2004,53.7,114.6,764.0,6.3,63.6,35.9,15.2,24.8,4.0,133.0,76077206.0,0.2,0.13
ETH,Ethiopia,Sub-Saharan Africa,Afrique de l'Est,Low income,Revenu faible,2005,54.4,108.3,754.0,6.19,74.5,,14.0,26.4,4.3,158.0,78367470.0,0.2,0.16
ETH,Ethiopia,Sub-Saharan Africa,Afrique de l'Est,Low income,Revenu faible,2006,55.4,102.4,729.0,6.05,79.2,,18.6,27.9,4.6,189.0,80703490.0,0.3,0.19
ETH,Ethiopia,Sub-Saharan Africa,Afrique de l'Est,Low income,Revenu faible,2007,56.6,96.9,704.0,5.89,85.5,39.0,20.3,29.4,4.9,237.0,83103217.0,0.4,0.24
ETH,Ethiopia,Sub-Saharan Africa,Afrique de l'Est,Low income,Revenu faible,2008,57.7,91.8,678.0,5.7,91.5,,22.0,31.0,5.2,316.0,85543668.0,0.4,0.32
ETH,Ethiopia,Sub-Saharan Africa,Afrique de l'Est,Low income,Revenu faible,2009,58.7,87.1,649.0,5.49,90.3,,23.7,32.6,5.5,369.0,88007636.0,0.5,0.37
ETH,Ethiopia,Sub-Saharan Africa,Afrique de l'Est,Low income,Revenu faible,2010,59.7,82.7,619.0,5.28,88.5,,25.5,34.2,5.8,331.0,90538514.0,0.8,0.33
ETH,Ethiopia,Sub-Saharan Africa,Afrique de l'Est,Low income,Revenu faible,2011,60.6,78.6,588.0,5.08,90.6,,23.0,35.8,6.1,343.0,93149970.0,1.1,0.34
ETH,Ethiopia,Sub-Saharan Africa,Afrique de l'Est,Low income,Revenu faible,2012,61.4,74.8,545.0,4.89,89.9,,29.0,37.4,6.4,452.0,95798767.0,2.9,0.45
ETH,Ethiopia,Sub-Saharan Africa,Afrique de l'Est,Low income,Revenu faible,2013,62.2,71.2,494.0,4.71,91.5,48.4,30.8,38.9,6.8,484.0,98438751.0,4.6,0.48
ETH,Ethiopia,Sub-Saharan Africa,Afrique de l'Est,Low income,Revenu faible,2014,62.9,67.7,444.0,4.61,93.1,,27.2,40.5,7.1,550.0,101115610.0,7.7,0.55
ETH,Ethiopia,Sub-Saharan Africa,Afrique de l'Est,Low income,Revenu faible,2015,63.6,64.4,401.0,4.53,94.1,,29.0,42.0,7.4,598.0,103867135.0,13.9,0.6
ETH,Ethiopia,Sub-Saharan Africa,Afrique de l'Est,Low income,Revenu faible,2016,64.2,61.3,364.0,4.47,97.7,47.5,42.9,43.6,7.7,642.0,106718162.0,15.4,0.64
ETH,Ethiopia,Sub-Saharan Africa,Afrique de l'Est,Low income,Revenu faible,2017,64.8,58.4,327.0,4.4,101.2,,44.3,45.1,8.0,696.0,109666481.0,15.6,0.7
ETH,Ethiopia,Sub-Saharan Africa,Afrique de l'Est,Low income,Revenu faible,2018,65.3,55.8,297.0,4.37,105.0,,44.8,46.6,8.4,740.0,112664152.0,15.9,0.74
ETH,Ethiopia,Sub-Saharan Africa,Afrique de l'Est,Low income,Revenu faible,2019,65.7,53.6,269.0,4.35,108.9,55.0,48.0,48.1,8.7,793.0,115737383.0,16.0,0.79
ETH,Ethiopia,Sub-Saharan Africa,Afrique de l'Est,Low income,Revenu faible,2020,66.0,51.5,244.0,4.27,112.7,,51.1,49.7,9.0,830.0,118917671.0,16.1,0.83
ETH,Ethiopia,Sub-Saharan Africa,Afrique de l'Est,Low income,Revenu faible,2021,65.3,70.4,250.0,4.18,101.3,54.9,54.2,51.2,9.3,893.0,122138588.0,16.7,0.89
ETH,Ethiopia,Sub-Saharan Africa,Afrique de l'Est,Low income,Revenu faible,2022,66.9,68.1,207.0,4.08,84.6,60.5,55.0,52.6,9.7,982.0,125384287.0,18.0,0.98
ETH,Ethiopia,Sub-Saharan Africa,Afrique de l'Est,Low income,Revenu faible,2023,67.3,51.5,195.0,3.99,83.7,,55.4,54.1,10.0,1056.0,128691692.0,20.3,1.06
GAB,Gabon,Sub-Saharan Africa,Afrique centrale,Upper middle income,Revenu intermédiaire (tranche sup.),2000,61.8,73.3,178.0,4.47,129.6,,73.6,80.1,26.8,3983.0,1275572.0,1.2,3.98
GAB,Gabon,Sub-Saharan Africa,Afrique centrale,Upper middle income,Revenu intermédiaire (tranche sup.),2001,62.0,71.5,160.0,4.42,129.6,,77.2,80.6,28.0,3836.0,1309589.0,1.3,3.84
GAB,Gabon,Sub-Saharan Africa,Afrique centrale,Upper middle income,Revenu intermédiaire (tranche sup.),2002,62.2,69.6,151.0,4.36,135.7,,77.8,81.1,29.1,3966.0,1345135.0,1.9,3.97
GAB,Gabon,Sub-Saharan Africa,Afrique centrale,Upper middle income,Revenu intermédiaire (tranche sup.),2003,62.5,67.7,134.0,4.3,133.1,,78.5,81.5,30.3,4711.0,1382350.0,2.7,4.71
GAB,Gabon,Sub-Saharan Africa,Afrique centrale,Upper middle income,Revenu intermédiaire (tranche sup.),2004,62.7,65.6,142.0,4.25,132.7,,79.2,82.0,31.5,5466.0,1421609.0,3.0,5.47
GAB,Gabon,Sub-Saharan Africa,Afrique centrale,Upper middle income,Revenu intermédiaire (tranche sup.),2005,63.0,63.6,175.0,4.21,132.3,,81.6,82.5,32.7,6548.0,1463495.0,4.9,6.55
GAB,Gabon,Sub-Saharan Africa,Afrique centrale,Upper middle income,Revenu intermédiaire (tranche sup.),2006,63.3,61.8,186.0,4.17,131.9,,80.5,82.9,33.9,6847.0,1508337.0,5.5,6.85
GAB,Gabon,Sub-Saharan Africa,Afrique centrale,Upper middle income,Revenu intermédiaire (tranche sup.),2007,63.6,59.7,173.0,4.14,131.5,,81.3,83.3,35.1,8004.0,1556237.0,5.8,8.0
GAB,Gabon,Sub-Saharan Africa,Afrique centrale,Upper middle income,Revenu intermédiaire (tranche sup.),2008,64.0,57.6,158.0,4.12,131.0,,82.0,83.7,36.4,9689.0,1607175.0,7.5,9.69
GAB,Gabon,Sub-Saharan Africa,Afrique centrale,Upper middle income,Revenu intermédiaire (tranche sup.),2009,64.4,55.6,158.0,4.14,130.6,,82.7,84.1,37.7,7291.0,1661556.0,9.5,7.29
GAB,Gabon,Sub-Saharan Africa,Afrique centrale,Upper middle income,Revenu intermédiaire (tranche sup.),2010,64.7,53.4,144.0,4.15,130.2,,89.3,84.5,39.0,8357.0,1719879.0,13.0,8.36
GAB,Gabon,Sub-Saharan Africa,Afrique centrale,Upper middle income,Revenu intermédiaire (tranche sup.),2011,65.1,51.3,149.0,4.15,129.8,,88.7,84.9,40.3,10219.0,1781985.0,18.0,10.22
GAB,Gabon,Sub-Saharan Africa,Afrique centrale,Upper middle income,Revenu intermédiaire (tranche sup.),2012,65.4,49.4,173.0,4.09,126.1,,89.3,85.3,41.7,9297.0,1846889.0,24.0,9.3
GAB,Gabon,Sub-Saharan Africa,Afrique centrale,Upper middle income,Revenu intermédiaire (tranche sup.),2013,65.8,47.3,235.0,4.02,122.4,,86.4,85.6,43.0,9198.0,1913059.0,30.5,9.2
GAB,Gabon,Sub-Saharan Africa,Afrique centrale,Upper middle income,Revenu intermédiaire (tranche sup.),2014,66.1,45.8,273.0,3.95,118.7,,87.1,86.0,44.4,9201.0,1978399.0,38.1,9.2
GAB,Gabon,Sub-Saharan Africa,Afrique centrale,Upper middle income,Revenu intermédiaire (tranche sup.),2015,66.3,44.4,239.0,3.92,115.0,,87.3,86.3,45.8,7047.0,2040989.0,45.8,7.05
GAB,Gabon,Sub-Saharan Africa,Afrique centrale,Upper middle income,Revenu intermédiaire (tranche sup.),2016,66.6,42.7,215.0,3.92,111.3,,88.1,86.6,47.2,6677.0,2100306.0,48.1,6.68
GAB,Gabon,Sub-Saharan Africa,Afrique centrale,Upper middle income,Revenu intermédiaire (tranche sup.),2017,66.8,41.4,184.0,3.91,107.6,,86.3,86.9,48.6,6922.0,2156900.0,51.6,6.92
GAB,Gabon,Sub-Saharan Africa,Afrique centrale,Upper middle income,Revenu intermédiaire (tranche sup.),2018,67.0,39.9,176.0,3.91,103.9,,89.6,87.2,50.0,7624.0,2212318.0,55.4,7.62
GAB,Gabon,Sub-Saharan Africa,Afrique centrale,Upper middle income,Revenu intermédiaire (tranche sup.),2019,67.3,38.5,179.0,3.88,100.2,,90.3,87.5,51.4,7441.0,2267706.0,59.5,7.44
GAB,Gabon,Sub-Saharan Africa,Afrique centrale,Upper middle income,Revenu intermédiaire (tranche sup.),2020,67.1,36.8,194.0,3.83,100.2,,91.1,87.7,52.9,6606.0,2322539.0,63.9,6.61
GAB,Gabon,Sub-Saharan Africa,Afrique centrale,Upper middle income,Revenu intermédiaire (tranche sup.),2021,67.1,35.8,249.0,3.78,100.2,88.9,91.8,88.0,54.3,8181.0,2376722.0,65.8,8.18
GAB,Gabon,Sub-Saharan Africa,Afrique centrale,Upper middle income,Revenu intermédiaire (tranche sup.),2022,67.7,34.7,216.0,3.71,100.2,,93.5,88.2,55.8,8409.0,2430747.0,67.7,8.41
GAB,Gabon,Sub-Saharan Africa,Afrique centrale,Upper middle income,Revenu intermédiaire (tranche sup.),2023,68.3,33.8,233.0,3.65,100.2,,94.1,88.5,57.3,7803.0,2484789.0,68.2,7.8
GMB,"Gambia, The",Sub-Saharan Africa,Afrique de l'Ouest,Low income,Revenu faible,2000,56.9,112.8,810.0,5.72,71.0,36.8,34.3,71.8,51.1,538.0,1455084.0,0.9,0.54
GMB,"Gambia, The",Sub-Saharan Africa,Afrique de l'Ouest,Low income,Revenu faible,2001,57.3,108.1,794.0,5.67,71.4,,29.9,72.5,49.9,460.0,1495011.0,1.3,0.46
GMB,"Gambia, The",Sub-Saharan Africa,Afrique de l'Ouest,Low income,Revenu faible,2002,57.7,103.6,772.0,5.66,69.3,,31.5,73.2,48.8,377.0,1535691.0,1.8,0.38
GMB,"Gambia, The",Sub-Saharan Africa,Afrique de l'Ouest,Low income,Revenu faible,2003,58.2,99.2,749.0,5.66,72.4,,27.8,73.9,47.7,309.0,1577611.0,2.4,0.31
GMB,"Gambia, The",Sub-Saharan Africa,Afrique de l'Ouest,Low income,Revenu faible,2004,58.7,94.9,719.0,5.68,73.6,,34.8,74.6,46.7,593.0,1621312.0,3.3,0.59
GMB,"Gambia, The",Sub-Saharan Africa,Afrique de l'Ouest,Low income,Revenu faible,2005,59.1,90.7,707.0,5.71,72.2,,30.5,75.2,46.6,616.0,1667037.0,3.8,0.62
GMB,"Gambia, The",Sub-Saharan Africa,Afrique de l'Ouest,Low income,Revenu faible,2006,59.7,86.8,682.0,5.74,71.5,,38.1,75.9,46.5,615.0,1715275.0,5.2,0.62
GMB,"Gambia, The",Sub-Saharan Africa,Afrique de l'Ouest,Low income,Revenu faible,2007,60.0,83.0,675.0,5.68,74.0,,39.8,76.6,46.4,725.0,1765774.0,6.2,0.72
GMB,"Gambia, The",Sub-Saharan Africa,Afrique de l'Ouest,Low income,Revenu faible,2008,60.5,79.4,653.0,5.62,73.6,,41.5,77.3,46.4,859.0,1817852.0,6.9,0.86
GMB,"Gambia, The",Sub-Saharan Africa,Afrique de l'Ouest,Low income,Revenu faible,2009,60.7,76.0,634.0,5.57,73.4,,43.2,77.9,46.4,775.0,1871422.0,7.6,0.78
GMB,"Gambia, The",Sub-Saharan Africa,Afrique de l'Ouest,Low income,Revenu faible,2010,61.2,72.7,632.0,5.56,73.5,,46.8,78.6,46.4,801.0,1926630.0,9.2,0.8
GMB,"Gambia, The",Sub-Saharan Africa,Afrique de l'Ouest,Low income,Revenu faible,2011,61.6,69.7,634.0,5.54,72.2,,48.3,79.3,46.4,711.0,1983784.0,10.9,0.71
GMB,"Gambia, The",Sub-Saharan Africa,Afrique de l'Ouest,Low income,Revenu faible,2012,61.9,66.8,628.0,5.52,75.5,,49.9,79.9,46.4,693.0,2043094.0,12.4,0.69
GMB,"Gambia, The",Sub-Saharan Africa,Afrique de l'Ouest,Low income,Revenu faible,2013,62.3,64.0,606.0,5.39,77.5,,51.5,80.6,46.5,654.0,2103820.0,14.0,0.65
GMB,"Gambia, The",Sub-Saharan Africa,Afrique de l'Ouest,Low income,Revenu faible,2014,62.6,61.4,561.0,5.2,80.7,,53.0,81.2,46.6,568.0,2164528.0,15.6,0.57
GMB,"Gambia, The",Sub-Saharan Africa,Afrique de l'Ouest,Low income,Revenu faible,2015,63.0,58.9,527.0,5.0,83.7,50.8,54.7,81.9,46.7,620.0,2224529.0,17.6,0.62
GMB,"Gambia, The",Sub-Saharan Africa,Afrique de l'Ouest,Low income,Revenu faible,2016,63.4,56.6,490.0,4.81,85.5,,56.4,82.5,46.8,650.0,2283769.0,19.9,0.65
GMB,"Gambia, The",Sub-Saharan Africa,Afrique de l'Ouest,Low income,Revenu faible,2017,63.7,54.3,469.0,4.61,88.7,,56.2,83.2,46.9,643.0,2342189.0,22.5,0.64
GMB,"Gambia, The",Sub-Saharan Africa,Afrique de l'Ouest,Low income,Revenu faible,2018,64.0,52.3,450.0,4.42,91.5,53.2,60.3,83.8,47.0,696.0,2399632.0,28.3,0.7
GMB,"Gambia, The",Sub-Saharan Africa,Afrique de l'Ouest,Low income,Revenu faible,2019,64.4,50.4,422.0,4.33,95.1,,62.1,84.4,47.2,738.0,2456844.0,31.1,0.74
GMB,"Gambia, The",Sub-Saharan Africa,Afrique de l'Ouest,Low income,Revenu faible,2020,64.4,48.6,400.0,4.25,96.9,,62.2,85.1,47.4,720.0,2515733.0,36.0,0.72
GMB,"Gambia, The",Sub-Saharan Africa,Afrique de l'Ouest,Low income,Revenu faible,2021,63.8,47.0,420.0,4.16,96.3,51.6,63.7,85.7,47.5,782.0,2576010.0,41.7,0.78
GMB,"Gambia, The",Sub-Saharan Africa,Afrique de l'Ouest,Low income,Revenu faible,2022,64.9,45.3,365.0,4.08,97.3,,65.4,86.3,47.7,836.0,2636470.0,48.2,0.84
GMB,"Gambia, The",Sub-Saharan Africa,Afrique de l'Ouest,Low income,Revenu faible,2023,65.9,43.8,354.0,4.01,98.7,,66.9,86.7,47.9,883.0,2697845.0,48.7,0.88
GHA,Ghana,Sub-Saharan Africa,Afrique de l'Ouest,Lower middle income,Revenu intermédiaire (tranche inf.),2000,58.1,99.9,472.0,4.83,79.9,57.9,43.7,65.5,5.7,254.0,19637087.0,0.2,0.25
GHA,Ghana,Sub-Saharan Africa,Afrique de l'Ouest,Lower middle income,Revenu intermédiaire (tranche inf.),2001,58.4,95.8,460.0,4.77,75.4,,44.8,66.3,5.8,264.0,20167069.0,0.2,0.26
GHA,Ghana,Sub-Saharan Africa,Afrique de l'Ouest,Lower middle income,Revenu intermédiaire (tranche inf.),2002,58.7,91.9,434.0,4.69,78.8,,46.8,67.3,6.8,297.0,20729388.0,0.8,0.3
GHA,Ghana,Sub-Saharan Africa,Afrique de l'Ouest,Lower middle income,Revenu intermédiaire (tranche inf.),2003,59.0,88.2,410.0,4.6,76.3,,48.3,68.3,7.7,358.0,21296705.0,1.2,0.36
GHA,Ghana,Sub-Saharan Africa,Afrique de l'Ouest,Lower middle income,Revenu intermédiaire (tranche inf.),2004,59.3,85.0,403.0,4.5,80.2,,50.8,69.3,8.7,406.0,21868298.0,1.7,0.41
GHA,Ghana,Sub-Saharan Africa,Afrique de l'Ouest,Lower middle income,Revenu intermédiaire (tranche inf.),2005,59.6,82.0,390.0,4.5,86.7,,41.2,70.3,9.7,479.0,22449438.0,1.8,0.48
GHA,Ghana,Sub-Saharan Africa,Afrique de l'Ouest,Lower middle income,Revenu intermédiaire (tranche inf.),2006,60.0,79.1,385.0,4.4,91.2,,55.1,71.4,10.7,906.0,23040702.0,2.7,0.91
GHA,Ghana,Sub-Saharan Africa,Afrique de l'Ouest,Lower middle income,Revenu intermédiaire (tranche inf.),2007,60.3,76.2,377.0,4.29,96.0,,56.9,72.4,11.7,1050.0,23642279.0,3.8,1.05
GHA,Ghana,Sub-Saharan Africa,Afrique de l'Ouest,Lower middle income,Revenu intermédiaire (tranche inf.),2008,60.6,73.1,380.0,4.22,100.8,,60.5,73.4,12.8,1183.0,24249946.0,4.3,1.18
GHA,Ghana,Sub-Saharan Africa,Afrique de l'Ouest,Lower middle income,Revenu intermédiaire (tranche inf.),2009,60.9,69.8,369.0,4.18,99.1,,61.1,74.4,13.8,1048.0,24862664.0,5.4,1.05
GHA,Ghana,Sub-Saharan Africa,Afrique de l'Ouest,Lower middle income,Revenu intermédiaire (tranche inf.),2010,61.3,66.5,363.0,4.18,99.2,71.5,64.2,75.5,14.9,1264.0,25474995.0,7.8,1.26
GHA,Ghana,Sub-Saharan Africa,Afrique de l'Ouest,Lower middle income,Revenu intermédiaire (tranche inf.),2011,61.6,63.3,356.0,4.18,99.4,,64.1,76.5,16.0,1507.0,26095088.0,9.0,1.51
GHA,Ghana,Sub-Saharan Africa,Afrique de l'Ouest,Lower middle income,Revenu intermédiaire (tranche inf.),2012,62.0,60.3,351.0,4.15,102.1,,56.5,77.5,17.1,1544.0,26734268.0,10.6,1.54
GHA,Ghana,Sub-Saharan Africa,Afrique de l'Ouest,Lower middle income,Revenu intermédiaire (tranche inf.),2013,62.4,57.5,338.0,4.11,101.1,,70.7,78.6,18.3,2295.0,27386193.0,15.0,2.3
GHA,Ghana,Sub-Saharan Africa,Afrique de l'Ouest,Lower middle income,Revenu intermédiaire (tranche inf.),2014,62.8,54.9,317.0,4.03,99.6,,78.3,79.6,19.4,1950.0,28041592.0,19.0,1.95
GHA,Ghana,Sub-Saharan Africa,Afrique de l'Ouest,Lower middle income,Revenu intermédiaire (tranche inf.),2015,63.2,52.5,310.0,3.98,103.2,60.2,74.0,80.6,20.6,1723.0,28696068.0,23.0,1.72
GHA,Ghana,Sub-Saharan Africa,Afrique de l'Ouest,Lower middle income,Revenu intermédiaire (tranche inf.),2016,63.5,50.3,296.0,3.87,101.8,,79.3,81.7,21.7,1912.0,29356742.0,28.0,1.91
GHA,Ghana,Sub-Saharan Africa,Afrique de l'Ouest,Lower middle income,Revenu intermédiaire (tranche inf.),2017,63.8,48.2,287.0,3.72,100.5,64.5,79.0,82.7,22.9,2012.0,30008354.0,37.9,2.01
GHA,Ghana,Sub-Saharan Africa,Afrique de l'Ouest,Lower middle income,Revenu intermédiaire (tranche inf.),2018,64.1,46.1,276.0,3.65,98.7,,80.4,83.7,24.1,2195.0,30637585.0,43.0,2.19
GHA,Ghana,Sub-Saharan Africa,Afrique de l'Ouest,Lower middle income,Revenu intermédiaire (tranche inf.),2019,64.5,44.1,260.0,3.59,99.9,,83.5,84.8,25.3,2187.0,31258945.0,22.1,2.19
GHA,Ghana,Sub-Saharan Africa,Afrique de l'Ouest,Lower middle income,Revenu intermédiaire (tranche inf.),2020,64.3,42.2,253.0,3.54,98.4,,85.4,85.8,26.6,2195.0,31887809.0,62.5,2.19
GHA,Ghana,Sub-Saharan Africa,Afrique de l'Ouest,Lower middle income,Revenu intermédiaire (tranche inf.),2021,64.3,40.3,264.0,3.49,99.5,76.5,86.3,86.8,27.8,2445.0,32518665.0,68.6,2.44
GHA,Ghana,Sub-Saharan Africa,Afrique de l'Ouest,Lower middle income,Revenu intermédiaire (tranche inf.),2022,65.2,38.6,239.0,3.43,98.2,,85.1,87.9,29.0,2230.0,33149152.0,69.9,2.23
GHA,Ghana,Sub-Saharan Africa,Afrique de l'Ouest,Lower middle income,Revenu intermédiaire (tranche inf.),2023,65.5,37.2,234.0,3.4,98.2,,89.5,88.9,30.3,2384.0,33787914.0,70.7,2.38
GIN,Guinea,Sub-Saharan Africa,Afrique de l'Ouest,Lower middle income,Revenu intermédiaire (tranche inf.),2000,52.4,165.7,951.0,5.92,58.4,,15.2,49.8,9.2,518.0,8428832.0,0.1,0.52
GIN,Guinea,Sub-Saharan Africa,Afrique de l'Ouest,Lower middle income,Revenu intermédiaire (tranche inf.),2001,52.7,159.0,946.0,5.83,61.1,,16.4,50.5,9.9,483.0,8539960.0,0.2,0.48
GIN,Guinea,Sub-Saharan Africa,Afrique de l'Ouest,Lower middle income,Revenu intermédiaire (tranche inf.),2002,53.2,152.7,916.0,5.78,69.4,,17.7,51.3,10.6,496.0,8674066.0,0.4,0.5
GIN,Guinea,Sub-Saharan Africa,Afrique de l'Ouest,Lower middle income,Revenu intermédiaire (tranche inf.),2003,53.6,146.9,892.0,5.74,72.7,29.7,18.9,52.0,11.3,566.0,8870781.0,0.5,0.57
GIN,Guinea,Sub-Saharan Africa,Afrique de l'Ouest,Lower middle income,Revenu intermédiaire (tranche inf.),2004,54.0,141.6,869.0,5.73,75.5,,20.2,52.7,12.2,585.0,9062726.0,0.5,0.58
GIN,Guinea,Sub-Saharan Africa,Afrique de l'Ouest,Lower middle income,Revenu intermédiaire (tranche inf.),2005,54.4,137.0,843.0,5.73,77.5,,20.2,53.5,13.1,463.0,9245844.0,0.5,0.46
GIN,Guinea,Sub-Saharan Africa,Afrique de l'Ouest,Lower middle income,Revenu intermédiaire (tranche inf.),2006,54.9,133.1,825.0,5.7,79.2,,22.8,54.2,14.0,447.0,9441171.0,0.6,0.45
GIN,Guinea,Sub-Saharan Africa,Afrique de l'Ouest,Lower middle income,Revenu intermédiaire (tranche inf.),2007,55.2,129.7,802.0,5.66,81.4,,24.1,55.0,14.9,650.0,9662281.0,0.8,0.65
GIN,Guinea,Sub-Saharan Africa,Afrique de l'Ouest,Lower middle income,Revenu intermédiaire (tranche inf.),2008,55.7,126.9,772.0,5.6,82.8,,25.4,55.7,15.9,704.0,9898870.0,0.9,0.7
GIN,Guinea,Sub-Saharan Africa,Afrique de l'Ouest,Lower middle income,Revenu intermédiaire (tranche inf.),2009,56.1,124.4,766.0,5.53,82.9,,26.7,56.4,16.8,662.0,10143534.0,0.9,0.66
GIN,Guinea,Sub-Saharan Africa,Afrique de l'Ouest,Lower middle income,Revenu intermédiaire (tranche inf.),2010,56.4,122.2,750.0,5.44,85.6,25.3,28.1,57.2,17.8,659.0,10396086.0,1.0,0.66
GIN,Guinea,Sub-Saharan Africa,Afrique de l'Ouest,Lower middle income,Revenu intermédiaire (tranche inf.),2011,56.8,120.3,728.0,5.34,89.4,,29.5,58.4,18.8,637.0,10656810.0,2.0,0.64
GIN,Guinea,Sub-Saharan Africa,Afrique de l'Ouest,Lower middle income,Revenu intermédiaire (tranche inf.),2012,57.1,118.4,703.0,5.23,91.5,,26.2,59.5,19.9,699.0,10921581.0,3.1,0.7
GIN,Guinea,Sub-Saharan Africa,Afrique de l'Ouest,Lower middle income,Revenu intermédiaire (tranche inf.),2013,57.5,116.6,682.0,5.15,93.5,,32.2,60.7,20.9,748.0,11191873.0,4.5,0.75
GIN,Guinea,Sub-Saharan Africa,Afrique de l'Ouest,Lower middle income,Revenu intermédiaire (tranche inf.),2014,57.6,115.4,664.0,5.07,95.2,32.0,33.5,61.9,22.0,765.0,11472924.0,6.4,0.76
GIN,Guinea,Sub-Saharan Africa,Afrique de l'Ouest,Lower middle income,Revenu intermédiaire (tranche inf.),2015,57.9,113.7,642.0,5.0,94.1,,34.9,63.2,23.0,747.0,11767070.0,9.2,0.75
GIN,Guinea,Sub-Saharan Africa,Afrique de l'Ouest,Lower middle income,Revenu intermédiaire (tranche inf.),2016,58.5,111.4,606.0,4.92,93.1,,33.5,64.4,24.1,712.0,12073030.0,13.1,0.71
GIN,Guinea,Sub-Saharan Africa,Afrique de l'Ouest,Lower middle income,Revenu intermédiaire (tranche inf.),2017,58.7,109.5,582.0,4.79,95.0,,35.4,65.6,25.3,834.0,12385659.0,18.7,0.83
GIN,Guinea,Sub-Saharan Africa,Afrique de l'Ouest,Lower middle income,Revenu intermédiaire (tranche inf.),2018,59.0,107.5,560.0,4.67,96.8,39.6,45.0,66.9,26.4,933.0,12704774.0,21.8,0.93
GIN,Guinea,Sub-Saharan Africa,Afrique de l'Ouest,Lower middle income,Revenu intermédiaire (tranche inf.),2019,59.4,105.4,548.0,4.58,98.6,,42.2,68.2,27.6,1031.0,13034346.0,23.9,1.03
GIN,Guinea,Sub-Saharan Africa,Afrique de l'Ouest,Lower middle income,Revenu intermédiaire (tranche inf.),2020,59.4,102.9,528.0,4.49,100.5,,44.7,69.4,28.8,1054.0,13371183.0,26.1,1.05
GIN,Guinea,Sub-Saharan Africa,Afrique de l'Ouest,Lower middle income,Revenu intermédiaire (tranche inf.),2021,59.4,100.3,533.0,4.4,100.5,,46.8,70.7,30.0,1245.0,13710513.0,28.6,1.25
GIN,Guinea,Sub-Saharan Africa,Afrique de l'Ouest,Lower middle income,Revenu intermédiaire (tranche inf.),2022,60.4,97.6,500.0,4.3,100.5,,47.7,72.1,31.3,1417.0,14055137.0,31.3,1.42
GIN,Guinea,Sub-Saharan Africa,Afrique de l'Ouest,Lower middle income,Revenu intermédiaire (tranche inf.),2023,60.7,95.0,494.0,4.22,100.5,,51.1,73.4,32.5,1555.0,14405468.0,32.3,1.56
GNB,Guinea-Bissau,Sub-Saharan Africa,Afrique de l'Ouest,Low income,Revenu faible,2000,50.6,174.8,1295.0,5.79,75.5,41.4,1.3,55.2,4.5,317.0,1234741.0,0.2,0.32
GNB,Guinea-Bissau,Sub-Saharan Africa,Afrique de l'Ouest,Low income,Revenu faible,2001,51.1,169.3,1222.0,5.69,89.8,,1.3,55.6,5.0,327.0,1261273.0,0.3,0.33
GNB,Guinea-Bissau,Sub-Saharan Africa,Afrique de l'Ouest,Low income,Revenu faible,2002,51.6,163.6,1141.0,5.63,95.8,,1.3,56.1,5.7,362.0,1289307.0,1.0,0.36
GNB,Guinea-Bissau,Sub-Saharan Africa,Afrique de l'Ouest,Low income,Revenu faible,2003,52.2,157.7,1069.0,5.58,101.9,,2.6,56.5,6.8,420.0,1318806.0,1.4,0.42
GNB,Guinea-Bissau,Sub-Saharan Africa,Afrique de l'Ouest,Low income,Revenu faible,2004,52.8,151.6,980.0,5.5,108.0,,3.9,56.9,7.8,431.0,1349563.0,1.8,0.43
GNB,Guinea-Bissau,Sub-Saharan Africa,Afrique de l'Ouest,Low income,Revenu faible,2005,52.9,145.3,956.0,5.46,114.7,,5.2,57.3,8.9,463.0,1381585.0,1.9,0.46
GNB,Guinea-Bissau,Sub-Saharan Africa,Afrique de l'Ouest,Low income,Revenu faible,2006,54.1,139.1,831.0,5.41,119.7,,14.5,57.7,10.0,449.0,1415303.0,2.1,0.45
GNB,Guinea-Bissau,Sub-Saharan Africa,Afrique de l'Ouest,Low income,Revenu faible,2007,54.9,132.8,792.0,5.36,118.1,,7.9,58.1,11.1,519.0,1450986.0,2.2,0.52
GNB,Guinea-Bissau,Sub-Saharan Africa,Afrique de l'Ouest,Low income,Revenu faible,2008,55.3,126.5,802.0,5.27,116.5,,9.3,58.4,12.3,640.0,1488054.0,2.4,0.64
GNB,Guinea-Bissau,Sub-Saharan Africa,Afrique de l'Ouest,Low income,Revenu faible,2009,56.3,120.2,753.0,5.18,115.0,,4.7,58.7,13.4,583.0,1526377.0,2.3,0.58
GNB,Guinea-Bissau,Sub-Saharan Africa,Afrique de l'Ouest,Low income,Revenu faible,2010,57.0,114.3,698.0,5.11,113.4,,6.0,59.1,14.6,600.0,1566347.0,2.5,0.6
GNB,Guinea-Bissau,Sub-Saharan Africa,Afrique de l'Ouest,Low income,Revenu faible,2011,57.7,108.6,678.0,5.07,113.4,,13.5,59.4,15.8,720.0,1608076.0,2.7,0.72
GNB,Guinea-Bissau,Sub-Saharan Africa,Afrique de l'Ouest,Low income,Revenu faible,2012,58.3,103.6,704.0,5.0,113.4,,14.9,59.6,17.0,635.0,1651417.0,2.9,0.64
GNB,Guinea-Bissau,Sub-Saharan Africa,Afrique de l'Ouest,Low income,Revenu faible,2013,58.9,99.1,707.0,4.93,113.4,,16.3,59.9,18.2,654.0,1695973.0,3.1,0.65
GNB,Guinea-Bissau,Sub-Saharan Africa,Afrique de l'Ouest,Low income,Revenu faible,2014,59.5,95.2,662.0,4.79,113.4,,17.2,60.2,19.4,652.0,1741122.0,3.3,0.65
GNB,Guinea-Bissau,Sub-Saharan Africa,Afrique de l'Ouest,Low income,Revenu faible,2015,60.1,91.6,631.0,4.66,113.4,,20.1,60.4,20.7,645.0,1786457.0,6.1,0.64
GNB,Guinea-Bissau,Sub-Saharan Africa,Afrique de l'Ouest,Low income,Revenu faible,2016,60.6,88.2,617.0,4.52,113.4,,22.9,60.6,22.0,680.0,1831893.0,13.8,0.68
GNB,Guinea-Bissau,Sub-Saharan Africa,Afrique de l'Ouest,Low income,Revenu faible,2017,61.1,85.1,597.0,4.35,113.4,,26.0,60.9,23.3,783.0,1877072.0,14.8,0.78
GNB,Guinea-Bissau,Sub-Saharan Africa,Afrique de l'Ouest,Low income,Revenu faible,2018,61.7,82.2,585.0,4.24,113.4,,28.4,61.1,24.6,809.0,1922168.0,15.7,0.81
GNB,Guinea-Bissau,Sub-Saharan Africa,Afrique de l'Ouest,Low income,Revenu faible,2019,62.2,79.5,598.0,4.15,113.4,54.9,30.9,61.2,25.9,811.0,1967696.0,17.9,0.81
GNB,Guinea-Bissau,Sub-Saharan Africa,Afrique de l'Ouest,Low income,Revenu faible,2020,61.3,76.7,603.0,4.08,113.4,,33.4,61.4,27.3,847.0,2013255.0,20.5,0.85
GNB,Guinea-Bissau,Sub-Saharan Africa,Afrique de l'Ouest,Low income,Revenu faible,2021,61.7,74.3,617.0,4.0,113.4,,35.8,61.6,28.6,927.0,2058841.0,23.4,0.93
GNB,Guinea-Bissau,Sub-Saharan Africa,Afrique de l'Ouest,Low income,Revenu faible,2022,63.6,72.0,539.0,3.91,113.4,63.9,37.4,61.6,28.7,882.0,2105529.0,27.7,0.88
GNB,Guinea-Bissau,Sub-Saharan Africa,Afrique de l'Ouest,Low income,Revenu faible,2023,64.1,69.7,505.0,3.84,113.4,,40.5,61.7,28.8,964.0,2153339.0,28.7,0.96
KEN,Kenya,Sub-Saharan Africa,Afrique de l'Est,Lower middle income,Revenu intermédiaire (tranche inf.),2000,56.1,95.2,206.0,5.14,94.3,82.2,15.2,45.4,23.6,415.0,30642890.0,0.3,0.42
KEN,Kenya,Sub-Saharan Africa,Afrique de l'Est,Lower middle income,Revenu intermédiaire (tranche inf.),2001,56.5,90.5,188.0,5.09,95.2,,17.0,46.2,24.3,411.0,31619170.0,0.6,0.41
KEN,Kenya,Sub-Saharan Africa,Afrique de l'Est,Lower middle income,Revenu intermédiaire (tranche inf.),2002,56.8,85.6,182.0,5.03,89.2,,18.9,47.1,25.0,403.0,32629808.0,1.2,0.4
KEN,Kenya,Sub-Saharan Africa,Afrique de l'Est,Lower middle income,Revenu intermédiaire (tranche inf.),2003,57.4,80.8,177.0,4.94,103.9,,16.0,48.0,25.8,443.0,33652223.0,2.9,0.44
KEN,Kenya,Sub-Saharan Africa,Afrique de l'Est,Lower middle income,Revenu intermédiaire (tranche inf.),2004,57.9,76.1,177.0,4.86,103.7,,22.6,48.8,26.5,464.0,34713455.0,3.0,0.46
KEN,Kenya,Sub-Saharan Africa,Afrique de l'Est,Lower middle income,Revenu intermédiaire (tranche inf.),2005,58.5,71.2,178.0,4.8,103.6,,24.5,49.7,27.2,523.0,35796484.0,3.1,0.52
KEN,Kenya,Sub-Saharan Africa,Afrique de l'Est,Lower middle income,Revenu intermédiaire (tranche inf.),2006,59.1,66.8,188.0,4.75,101.2,,26.4,50.5,27.9,700.0,36904008.0,3.6,0.7
KEN,Kenya,Sub-Saharan Africa,Afrique de l'Est,Lower middle income,Revenu intermédiaire (tranche inf.),2007,59.4,62.9,198.0,4.72,107.6,,28.3,51.4,28.6,840.0,38036349.0,4.4,0.84
KEN,Kenya,Sub-Saharan Africa,Afrique de l'Est,Lower middle income,Revenu intermédiaire (tranche inf.),2008,60.0,58.0,197.0,4.66,107.1,,30.3,52.3,29.4,916.0,39206351.0,5.2,0.92
KEN,Kenya,Sub-Saharan Africa,Afrique de l'Est,Lower middle income,Revenu intermédiaire (tranche inf.),2009,60.5,55.2,208.0,4.57,107.9,,23.0,53.1,30.1,1048.0,40408891.0,6.1,1.05
KEN,Kenya,Sub-Saharan Africa,Afrique de l'Est,Lower middle income,Revenu intermédiaire (tranche inf.),2010,60.9,53.1,210.0,4.45,109.1,,19.2,53.9,30.8,1092.0,41598567.0,7.2,1.09
KEN,Kenya,Sub-Saharan Africa,Afrique de l'Est,Lower middle income,Revenu intermédiaire (tranche inf.),2011,61.3,51.7,209.0,4.28,110.3,,36.2,54.8,31.5,1096.0,42758461.0,8.8,1.1
KEN,Kenya,Sub-Saharan Africa,Afrique de l'Est,Lower middle income,Revenu intermédiaire (tranche inf.),2012,61.5,50.7,214.0,4.12,111.4,,38.1,55.6,32.2,1285.0,43888303.0,10.5,1.28
KEN,Kenya,Sub-Saharan Africa,Afrique de l'Est,Lower middle income,Revenu intermédiaire (tranche inf.),2013,61.7,49.4,206.0,3.96,109.3,,40.1,56.5,33.0,1371.0,44986791.0,13.0,1.37
KEN,Kenya,Sub-Saharan Africa,Afrique de l'Est,Lower middle income,Revenu intermédiaire (tranche inf.),2014,62.0,48.3,203.0,3.84,107.1,,36.0,57.3,33.7,1483.0,46051440.0,16.5,1.48
KEN,Kenya,Sub-Saharan Africa,Afrique de l'Est,Lower middle income,Revenu intermédiaire (tranche inf.),2015,62.3,46.8,203.0,3.77,104.8,,41.6,58.2,34.4,1489.0,47088526.0,16.6,1.49
KEN,Kenya,Sub-Saharan Africa,Afrique de l'Est,Lower middle income,Revenu intermédiaire (tranche inf.),2016,62.5,45.5,196.0,3.69,104.1,,53.1,59.0,35.1,1554.0,48139687.0,16.6,1.55
KEN,Kenya,Sub-Saharan Africa,Afrique de l'Est,Lower middle income,Revenu intermédiaire (tranche inf.),2017,62.7,44.7,186.0,3.61,102.0,,55.8,59.8,35.9,1667.0,49197766.0,17.8,1.67
KEN,Kenya,Sub-Saharan Africa,Afrique de l'Est,Lower middle income,Revenu intermédiaire (tranche inf.),2018,62.8,43.7,183.0,3.54,99.8,,61.2,60.7,36.6,1836.0,50207107.0,19.5,1.84
KEN,Kenya,Sub-Saharan Africa,Afrique de l'Est,Lower middle income,Revenu intermédiaire (tranche inf.),2019,62.9,42.7,176.0,3.43,77.5,,69.7,61.5,37.3,1960.0,51202827.0,22.7,1.96
KEN,Kenya,Sub-Saharan Africa,Afrique de l'Est,Lower middle income,Revenu intermédiaire (tranche inf.),2020,61.6,42.1,184.0,3.36,92.0,,71.5,62.3,38.0,1928.0,52217334.0,24.7,1.93
KEN,Kenya,Sub-Saharan Africa,Afrique de l'Est,Lower middle income,Revenu intermédiaire (tranche inf.),2021,61.2,41.3,183.0,3.31,93.8,,76.5,63.1,38.7,2061.0,53219166.0,27.0,2.06
KEN,Kenya,Sub-Saharan Africa,Afrique de l'Est,Lower middle income,Revenu intermédiaire (tranche inf.),2022,63.5,40.5,155.0,3.26,98.6,,76.0,64.0,39.5,2110.0,54252461.0,29.4,2.11
KEN,Kenya,Sub-Saharan Africa,Afrique de l'Est,Lower middle income,Revenu intermédiaire (tranche inf.),2023,63.6,39.6,149.0,3.21,98.2,,76.2,64.8,40.2,1943.0,55339003.0,32.1,1.94
LSO,Lesotho,Sub-Saharan Africa,Afrique australe,Lower middle income,Revenu intermédiaire (tranche inf.),2000,48.8,108.3,413.0,3.6,109.0,86.2,4.3,64.4,13.9,443.0,2003913.0,0.2,0.44
LSO,Lesotho,Sub-Saharan Africa,Afrique australe,Lower middle income,Revenu intermédiaire (tranche inf.),2001,47.2,110.3,465.0,3.63,112.8,,1.3,65.0,15.5,413.0,2000853.0,0.3,0.41
LSO,Lesotho,Sub-Saharan Africa,Afrique australe,Lower middle income,Revenu intermédiaire (tranche inf.),2002,46.0,112.1,484.0,3.68,116.7,,3.4,65.5,17.1,389.0,1994679.0,1.1,0.39
LSO,Lesotho,Sub-Saharan Africa,Afrique australe,Lower middle income,Revenu intermédiaire (tranche inf.),2003,44.9,113.2,508.0,3.62,122.5,,5.4,66.1,18.6,583.0,1985059.0,1.5,0.58
LSO,Lesotho,Sub-Saharan Africa,Afrique australe,Lower middle income,Revenu intermédiaire (tranche inf.),2004,44.0,113.9,499.0,3.51,124.3,,6.8,66.7,20.2,767.0,1971129.0,2.2,0.77
LSO,Lesotho,Sub-Saharan Africa,Afrique australe,Lower middle income,Revenu intermédiaire (tranche inf.),2005,43.6,114.6,549.0,3.43,125.9,,9.6,67.2,21.7,861.0,1953076.0,2.6,0.86
LSO,Lesotho,Sub-Saharan Africa,Afrique australe,Lower middle income,Revenu intermédiaire (tranche inf.),2006,43.2,114.7,696.0,3.41,130.0,66.1,9.7,67.8,23.2,925.0,1945063.0,3.0,0.92
LSO,Lesotho,Sub-Saharan Africa,Afrique australe,Lower middle income,Revenu intermédiaire (tranche inf.),2007,43.7,111.9,891.0,3.44,124.0,,13.9,68.4,24.7,861.0,1953268.0,3.4,0.86
LSO,Lesotho,Sub-Saharan Africa,Afrique australe,Lower middle income,Revenu intermédiaire (tranche inf.),2008,44.3,111.6,1205.0,3.39,122.5,,16.0,68.9,26.1,898.0,1966541.0,3.6,0.9
LSO,Lesotho,Sub-Saharan Africa,Afrique australe,Lower middle income,Revenu intermédiaire (tranche inf.),2009,45.1,99.1,1387.0,3.31,119.6,,17.0,69.5,27.6,879.0,1980883.0,3.7,0.88
LSO,Lesotho,Sub-Saharan Africa,Afrique australe,Lower middle income,Revenu intermédiaire (tranche inf.),2010,46.0,90.9,1311.0,3.25,118.6,,17.0,70.1,29.0,1119.0,1996251.0,3.9,1.12
LSO,Lesotho,Sub-Saharan Africa,Afrique australe,Lower middle income,Revenu intermédiaire (tranche inf.),2011,46.9,85.2,1210.0,3.34,117.2,,22.5,70.6,30.4,1281.0,2014009.0,7.0,1.28
LSO,Lesotho,Sub-Saharan Africa,Afrique australe,Lower middle income,Revenu intermédiaire (tranche inf.),2012,48.2,81.4,1000.0,3.3,115.3,,20.6,71.2,31.9,1218.0,2034354.0,10.0,1.22
LSO,Lesotho,Sub-Saharan Africa,Afrique australe,Lower middle income,Revenu intermédiaire (tranche inf.),2013,49.5,79.3,855.0,3.28,110.5,,26.9,71.7,33.3,1151.0,2056504.0,15.0,1.15
LSO,Lesotho,Sub-Saharan Africa,Afrique australe,Lower middle income,Revenu intermédiaire (tranche inf.),2014,50.8,77.6,707.0,3.24,107.8,,27.8,72.3,34.6,1174.0,2080089.0,22.0,1.17
LSO,Lesotho,Sub-Saharan Africa,Afrique australe,Lower middle income,Revenu intermédiaire (tranche inf.),2015,51.8,75.1,594.0,3.22,105.2,,31.8,72.9,36.0,1121.0,2104611.0,25.0,1.12
LSO,Lesotho,Sub-Saharan Africa,Afrique australe,Lower middle income,Revenu intermédiaire (tranche inf.),2016,52.9,71.4,518.0,3.18,104.2,97.3,35.1,73.4,37.4,992.0,2130422.0,32.5,0.99
LSO,Lesotho,Sub-Saharan Africa,Afrique australe,Lower middle income,Revenu intermédiaire (tranche inf.),2017,53.9,70.1,468.0,3.1,105.6,,33.7,74.0,38.7,1069.0,2157110.0,39.0,1.07
LSO,Lesotho,Sub-Saharan Africa,Afrique australe,Lower middle income,Revenu intermédiaire (tranche inf.),2018,54.6,68.8,491.0,3.02,96.0,86.2,47.0,74.6,40.1,1171.0,2183603.0,40.8,1.17
LSO,Lesotho,Sub-Saharan Africa,Afrique australe,Lower middle income,Revenu intermédiaire (tranche inf.),2019,55.2,68.1,467.0,2.92,91.3,92.4,44.6,75.1,41.4,1082.0,2209405.0,42.3,1.08
LSO,Lesotho,Sub-Saharan Africa,Afrique australe,Lower middle income,Revenu intermédiaire (tranche inf.),2020,55.1,66.3,529.0,2.85,87.7,,47.5,75.7,42.7,919.0,2235727.0,43.7,0.92
LSO,Lesotho,Sub-Saharan Africa,Afrique australe,Lower middle income,Revenu intermédiaire (tranche inf.),2021,54.2,64.0,577.0,2.77,85.0,,50.4,76.3,44.0,1067.0,2261542.0,45.1,1.07
LSO,Lesotho,Sub-Saharan Africa,Afrique australe,Lower middle income,Revenu intermédiaire (tranche inf.),2022,56.8,62.0,477.0,2.72,83.6,,50.0,76.9,45.3,1030.0,2286110.0,48.1,1.03
LSO,Lesotho,Sub-Saharan Africa,Afrique australe,Lower middle income,Revenu intermédiaire (tranche inf.),2023,57.4,61.3,478.0,2.69,81.6,,57.3,77.5,46.6,921.0,2311472.0,49.0,0.92
LBR,Liberia,Sub-Saharan Africa,Afrique de l'Ouest,Low income,Revenu faible,2000,51.9,194.9,786.0,5.88,108.5,,3.0,61.0,12.2,298.0,2928117.0,0.0,0.3
LBR,Liberia,Sub-Saharan Africa,Afrique de l'Ouest,Low income,Revenu faible,2001,53.1,181.7,720.0,5.77,105.3,,3.0,61.9,12.5,300.0,3015338.0,0.0,0.3
LBR,Liberia,Sub-Saharan Africa,Afrique de l'Ouest,Low income,Revenu faible,2002,54.1,168.6,700.0,5.65,102.1,,3.0,62.8,12.8,300.0,3094782.0,0.0,0.3
LBR,Liberia,Sub-Saharan Africa,Afrique de l'Ouest,Low income,Revenu faible,2003,53.0,156.2,759.0,5.55,98.8,,3.0,63.7,13.1,240.0,3119532.0,0.0,0.24
LBR,Liberia,Sub-Saharan Africa,Afrique de l'Ouest,Low income,Revenu faible,2004,55.9,144.8,645.0,5.51,95.6,,3.0,64.6,13.4,284.0,3156892.0,0.0,0.28
LBR,Liberia,Sub-Saharan Africa,Afrique de l'Ouest,Low income,Revenu faible,2005,56.8,134.9,619.0,5.52,92.4,,3.0,65.4,13.7,287.0,3301015.0,0.6,0.29
LBR,Liberia,Sub-Saharan Africa,Afrique de l'Ouest,Low income,Revenu faible,2006,57.5,126.5,647.0,5.53,89.2,,3.0,66.2,14.1,321.0,3490787.0,0.5,0.32
LBR,Liberia,Sub-Saharan Africa,Afrique de l'Ouest,Low income,Revenu faible,2007,58.1,119.6,659.0,5.46,88.8,,3.0,67.0,14.6,374.0,3669050.0,0.6,0.37
LBR,Liberia,Sub-Saharan Africa,Afrique de l'Ouest,Low income,Revenu faible,2008,58.7,114.0,663.0,5.33,88.4,,1.3,67.7,15.0,452.0,3821003.0,0.5,0.45
LBR,Liberia,Sub-Saharan Africa,Afrique de l'Ouest,Low income,Revenu faible,2009,59.1,109.5,674.0,5.17,96.0,,1.9,68.4,15.5,448.0,3943028.0,2.0,0.45
LBR,Liberia,Sub-Saharan Africa,Afrique de l'Ouest,Low income,Revenu faible,2010,59.4,105.7,712.0,5.06,98.4,59.4,5.3,69.2,16.0,492.0,4058890.0,2.3,0.49
LBR,Liberia,Sub-Saharan Africa,Afrique de l'Ouest,Low income,Revenu faible,2011,59.5,102.4,726.0,4.97,100.7,,4.1,69.9,16.4,568.0,4221178.0,2.5,0.57
LBR,Liberia,Sub-Saharan Africa,Afrique de l'Ouest,Low income,Revenu faible,2012,59.8,99.5,728.0,4.88,76.5,,9.3,70.6,16.9,638.0,4373043.0,2.6,0.64
LBR,Liberia,Sub-Saharan Africa,Afrique de l'Ouest,Low income,Revenu faible,2013,60.0,97.0,725.0,4.75,52.2,,9.8,71.3,17.4,711.0,4470239.0,3.2,0.71
LBR,Liberia,Sub-Saharan Africa,Afrique de l'Ouest,Low income,Revenu faible,2014,59.2,97.0,801.0,4.62,92.6,,9.4,72.0,17.9,707.0,4564293.0,5.4,0.71
LBR,Liberia,Sub-Saharan Africa,Afrique de l'Ouest,Low income,Revenu faible,2015,59.2,93.2,784.0,4.52,90.0,,15.2,72.8,18.4,693.0,4659431.0,10.0,0.69
LBR,Liberia,Sub-Saharan Africa,Afrique de l'Ouest,Low income,Revenu faible,2016,60.5,91.5,690.0,4.46,83.9,,17.7,73.5,18.9,715.0,4755608.0,15.7,0.72
LBR,Liberia,Sub-Saharan Africa,Afrique de l'Ouest,Low income,Revenu faible,2017,60.8,90.3,703.0,4.4,79.6,,24.2,74.1,19.5,699.0,4848925.0,16.3,0.7
LBR,Liberia,Sub-Saharan Africa,Afrique de l'Ouest,Low income,Revenu faible,2018,61.0,89.4,707.0,4.34,77.2,,22.8,74.8,20.0,692.0,4944726.0,17.3,0.69
LBR,Liberia,Sub-Saharan Africa,Afrique de l'Ouest,Low income,Revenu faible,2019,61.2,88.7,689.0,4.26,74.8,,23.1,75.5,20.5,658.0,5043721.0,19.9,0.66
LBR,Liberia,Sub-Saharan Africa,Afrique de l'Ouest,Low income,Revenu faible,2020,61.3,88.3,664.0,4.17,72.4,,27.6,76.2,21.1,617.0,5149463.0,22.9,0.62
LBR,Liberia,Sub-Saharan Africa,Afrique de l'Ouest,Low income,Revenu faible,2021,61.2,88.0,667.0,4.09,67.5,,29.8,76.9,21.6,668.0,5259323.0,26.4,0.67
LBR,Liberia,Sub-Saharan Africa,Afrique de l'Ouest,Low income,Revenu faible,2022,61.9,87.8,634.0,4.02,66.6,,31.8,77.5,22.2,745.0,5373294.0,30.4,0.74
LBR,Liberia,Sub-Saharan Africa,Afrique de l'Ouest,Low income,Revenu faible,2023,62.2,87.3,628.0,3.95,66.6,,32.5,78.2,22.8,799.0,5493031.0,31.2,0.8
LBY,Libya,Middle East & North Africa,Afrique du Nord,Upper middle income,Revenu intermédiaire (tranche sup.),2000,70.5,28.1,71.0,2.91,113.0,,99.8,93.1,91.1,7214.0,5305021.0,0.2,7.21
LBY,Libya,Middle East & North Africa,Afrique du Nord,Upper middle income,Revenu intermédiaire (tranche sup.),2001,70.7,27.3,71.0,2.87,113.0,,96.9,93.1,91.0,6313.0,5403639.0,0.4,6.31
LBY,Libya,Middle East & North Africa,Afrique du Nord,Upper middle income,Revenu intermédiaire (tranche sup.),2002,70.8,26.5,69.0,2.83,110.5,,95.2,93.1,90.9,3718.0,5508410.0,2.2,3.72
LBY,Libya,Middle East & North Africa,Afrique du Nord,Upper middle income,Revenu intermédiaire (tranche sup.),2003,71.0,25.5,68.0,2.8,108.4,,93.5,93.1,90.7,4674.0,5619398.0,2.8,4.67
LBY,Libya,Middle East & North Africa,Afrique du Nord,Upper middle income,Revenu intermédiaire (tranche sup.),2004,71.2,24.4,67.0,2.77,108.3,,91.8,93.1,90.6,5774.0,5736693.0,3.5,5.77
LBY,Libya,Middle East & North Africa,Afrique du Nord,Upper middle income,Revenu intermédiaire (tranche sup.),2005,71.4,23.1,66.0,2.76,102.5,,90.1,93.1,90.5,8079.0,5858798.0,3.9,8.08
LBY,Libya,Middle East & North Africa,Afrique du Nord,Upper middle income,Revenu intermédiaire (tranche sup.),2006,71.6,21.7,66.0,2.7,107.0,,88.4,93.1,90.4,10049.0,5980211.0,4.3,10.05
LBY,Libya,Middle East & North Africa,Afrique du Nord,Upper middle income,Revenu intermédiaire (tranche sup.),2007,71.8,20.2,67.0,2.65,107.0,,86.8,93.1,90.3,11145.0,6104380.0,4.7,11.14
LBY,Libya,Middle East & North Africa,Afrique du Nord,Upper middle income,Revenu intermédiaire (tranche sup.),2008,71.9,18.8,68.0,2.6,107.0,,85.1,93.1,90.2,13906.0,6235430.0,9.0,13.91
LBY,Libya,Middle East & North Africa,Afrique du Nord,Upper middle income,Revenu intermédiaire (tranche sup.),2009,72.1,17.6,70.0,2.56,107.0,,83.5,93.1,90.1,9551.0,6366686.0,10.8,9.55
LBY,Libya,Middle East & North Africa,Afrique du Nord,Upper middle income,Revenu intermédiaire (tranche sup.),2010,72.2,16.6,71.0,2.6,107.0,,81.9,93.1,90.0,11601.0,6497839.0,14.0,11.6
LBY,Libya,Middle East & North Africa,Afrique du Nord,Upper middle income,Revenu intermédiaire (tranche sup.),2011,70.0,19.6,81.0,2.65,107.0,,80.3,93.1,89.9,7594.0,6343203.0,14.0,7.59
LBY,Libya,Middle East & North Africa,Afrique du Nord,Upper middle income,Revenu intermédiaire (tranche sup.),2012,72.2,15.0,74.0,2.68,107.0,,78.7,93.1,89.8,14976.0,6179328.0,15.2,14.98
LBY,Libya,Middle East & North Africa,Afrique du Nord,Upper middle income,Revenu intermédiaire (tranche sup.),2013,72.3,14.4,75.0,2.72,107.0,,77.1,93.4,89.7,11952.0,6304628.0,16.5,11.95
LBY,Libya,Middle East & North Africa,Afrique du Nord,Upper middle income,Revenu intermédiaire (tranche sup.),2014,71.3,13.8,77.0,2.75,107.0,,75.5,93.6,89.6,8926.0,6427252.0,17.8,8.93
LBY,Libya,Middle East & North Africa,Afrique du Nord,Upper middle income,Revenu intermédiaire (tranche sup.),2015,71.6,13.3,76.0,2.71,107.0,,73.8,93.9,89.5,7458.0,6531819.0,25.0,7.46
LBY,Libya,Middle East & North Africa,Afrique du Nord,Upper middle income,Revenu intermédiaire (tranche sup.),2016,71.8,12.8,74.0,2.67,107.0,,72.2,94.2,89.4,7526.0,6632126.0,35.0,7.53
LBY,Libya,Middle East & North Africa,Afrique du Nord,Upper middle income,Revenu intermédiaire (tranche sup.),2017,72.7,12.4,69.0,2.63,107.0,,70.6,94.4,89.2,9966.0,6738770.0,47.5,9.97
LBY,Libya,Middle East & North Africa,Afrique du Nord,Upper middle income,Revenu intermédiaire (tranche sup.),2018,73.2,11.9,66.0,2.58,107.0,,67.0,94.7,89.1,11197.0,6849055.0,47.5,11.2
LBY,Libya,Middle East & North Africa,Afrique du Nord,Upper middle income,Revenu intermédiaire (tranche sup.),2019,72.9,11.6,65.0,2.54,107.0,,68.5,95.0,89.0,9963.0,6951033.0,71.4,9.96
LBY,Libya,Middle East & North Africa,Afrique du Nord,Upper middle income,Revenu intermédiaire (tranche sup.),2020,72.4,11.2,71.0,2.51,107.0,,69.4,95.3,88.9,6650.0,7045399.0,74.4,6.65
LBY,Libya,Middle East & North Africa,Afrique du Nord,Upper middle income,Revenu intermédiaire (tranche sup.),2021,72.1,10.8,98.0,2.46,107.0,,70.2,95.5,88.8,4936.0,7135175.0,77.4,4.94
LBY,Libya,Middle East & North Africa,Afrique du Nord,Upper middle income,Revenu intermédiaire (tranche sup.),2022,74.5,10.4,60.0,2.4,107.0,,70.0,95.8,88.7,5987.0,7223805.0,80.6,5.99
LBY,Libya,Middle East & North Africa,Afrique du Nord,Upper middle income,Revenu intermédiaire (tranche sup.),2023,69.3,31.7,59.0,2.36,107.0,,73.2,96.1,88.6,6027.0,7305659.0,82.1,6.03
MDG,Madagascar,Sub-Saharan Africa,Afrique de l'Est,Low income,Revenu faible,2000,58.0,104.4,638.0,5.66,95.8,70.7,12.6,36.4,3.8,280.0,16516338.0,0.2,0.28
MDG,Madagascar,Sub-Saharan Africa,Afrique de l'Est,Low income,Revenu faible,2001,58.7,99.8,611.0,5.53,96.3,,14.8,37.1,4.3,319.0,17032939.0,0.2,0.32
MDG,Madagascar,Sub-Saharan Africa,Afrique de l'Est,Low income,Revenu faible,2002,59.2,95.6,593.0,5.41,96.7,,14.0,37.8,4.7,305.0,17549913.0,0.3,0.3
MDG,Madagascar,Sub-Saharan Africa,Afrique de l'Est,Low income,Revenu faible,2003,59.7,91.6,571.0,5.33,110.3,,20.3,38.5,5.2,353.0,18071854.0,0.4,0.35
MDG,Madagascar,Sub-Saharan Africa,Afrique de l'Est,Low income,Revenu faible,2004,60.2,87.8,555.0,5.26,124.9,,15.3,39.2,5.6,272.0,18606608.0,0.5,0.27
MDG,Madagascar,Sub-Saharan Africa,Afrique de l'Est,Low income,Revenu faible,2005,60.7,84.1,540.0,5.2,128.5,,16.0,40.0,6.1,306.0,19159707.0,0.6,0.31
MDG,Madagascar,Sub-Saharan Africa,Afrique de l'Est,Low income,Revenu faible,2006,61.1,80.8,528.0,5.13,127.9,,16.8,40.9,6.6,324.0,19730909.0,0.6,0.32
MDG,Madagascar,Sub-Saharan Africa,Afrique de l'Est,Low income,Revenu faible,2007,61.5,77.6,522.0,5.08,129.3,,17.5,41.7,7.1,420.0,20318583.0,0.6,0.42
MDG,Madagascar,Sub-Saharan Africa,Afrique de l'Est,Low income,Revenu faible,2008,62.0,74.8,510.0,5.04,132.6,,18.3,42.5,7.6,513.0,20923840.0,1.6,0.51
MDG,Madagascar,Sub-Saharan Africa,Afrique de l'Est,Low income,Revenu faible,2009,62.3,72.4,507.0,5.0,140.3,,17.4,43.4,8.1,446.0,21547280.0,1.6,0.45
MDG,Madagascar,Sub-Saharan Africa,Afrique de l'Est,Low income,Revenu faible,2010,62.6,70.3,500.0,4.9,135.7,,12.3,44.2,8.6,450.0,22183340.0,1.7,0.45
MDG,Madagascar,Sub-Saharan Africa,Afrique de l'Est,Low income,Revenu faible,2011,62.9,68.6,492.0,4.74,135.7,,14.3,45.0,9.1,506.0,22822300.0,1.9,0.51
MDG,Madagascar,Sub-Saharan Africa,Afrique de l'Est,Low income,Revenu faible,2012,63.0,67.3,487.0,4.61,136.4,71.6,18.7,45.8,9.6,494.0,23462438.0,2.3,0.49
MDG,Madagascar,Sub-Saharan Africa,Afrique de l'Est,Low income,Revenu faible,2013,63.2,66.4,481.0,4.53,136.4,,12.9,46.6,10.1,515.0,24109290.0,3.0,0.52
MDG,Madagascar,Sub-Saharan Africa,Afrique de l'Est,Low income,Revenu faible,2014,63.3,65.7,477.0,4.42,137.4,,23.0,47.5,10.6,506.0,24764348.0,3.7,0.51
MDG,Madagascar,Sub-Saharan Africa,Afrique de l'Est,Low income,Revenu faible,2015,63.4,65.3,474.0,4.34,138.8,,23.8,48.3,11.1,445.0,25426702.0,4.2,0.44
MDG,Madagascar,Sub-Saharan Africa,Afrique de l'Est,Low income,Revenu faible,2016,63.4,64.9,470.0,4.28,134.7,,22.9,49.1,11.6,454.0,26099952.0,4.7,0.45
MDG,Madagascar,Sub-Saharan Africa,Afrique de l'Est,Low income,Revenu faible,2017,63.4,64.9,469.0,4.26,139.2,,24.1,49.9,12.1,492.0,26788375.0,6.4,0.49
MDG,Madagascar,Sub-Saharan Africa,Afrique de l'Est,Low income,Revenu faible,2018,63.5,64.9,466.0,4.25,132.7,76.7,36.5,50.6,12.6,500.0,27494926.0,7.7,0.5
MDG,Madagascar,Sub-Saharan Africa,Afrique de l'Est,Low income,Revenu faible,2019,63.5,65.0,462.0,4.22,124.9,,31.0,51.4,13.2,500.0,28219554.0,9.4,0.5
MDG,Madagascar,Sub-Saharan Africa,Afrique de l'Est,Low income,Revenu faible,2020,62.7,65.1,447.0,4.17,126.6,,32.0,52.2,13.7,451.0,28953556.0,11.4,0.45
MDG,Madagascar,Sub-Saharan Africa,Afrique de l'Est,Low income,Revenu faible,2021,62.5,65.0,467.0,4.1,140.3,74.7,35.1,53.0,14.2,483.0,29691083.0,13.7,0.48
MDG,Madagascar,Sub-Saharan Africa,Afrique de l'Est,Low income,Revenu faible,2022,63.1,64.5,439.0,4.04,132.9,,36.1,53.7,14.8,504.0,30437261.0,17.8,0.5
MDG,Madagascar,Sub-Saharan Africa,Afrique de l'Est,Low income,Revenu faible,2023,63.6,63.6,445.0,3.97,130.6,,39.4,54.5,15.3,514.0,31195932.0,18.2,0.51
MWI,Malawi,Sub-Saharan Africa,Afrique de l'Est,Low income,Revenu faible,2000,46.2,171.0,506.0,6.0,139.2,,4.8,54.1,9.4,224.0,11315942.0,0.1,0.22
MWI,Malawi,Sub-Saharan Africa,Afrique de l'Est,Low income,Revenu faible,2001,47.2,239.0,447.0,5.94,143.6,,5.2,54.9,9.4,215.0,11593058.0,0.2,0.22
MWI,Malawi,Sub-Saharan Africa,Afrique de l'Est,Low income,Revenu faible,2002,48.2,143.2,404.0,5.9,140.3,,5.6,55.7,9.4,428.0,11880440.0,0.2,0.43
MWI,Malawi,Sub-Saharan Africa,Afrique de l'Est,Low income,Revenu faible,2003,49.6,130.0,346.0,5.88,137.0,,6.2,56.5,9.4,383.0,12181574.0,0.3,0.38
MWI,Malawi,Sub-Saharan Africa,Afrique de l'Est,Low income,Revenu faible,2004,51.1,118.7,304.0,5.86,133.8,,6.9,57.3,9.4,405.0,12500737.0,0.3,0.4
MWI,Malawi,Sub-Saharan Africa,Afrique de l'Est,Low income,Revenu faible,2005,52.5,109.7,283.0,5.85,131.8,,6.6,58.1,11.6,414.0,12840031.0,0.4,0.41
MWI,Malawi,Sub-Saharan Africa,Afrique de l'Est,Low income,Revenu faible,2006,53.7,102.7,286.0,5.8,131.5,,3.7,58.9,13.9,441.0,13198701.0,0.4,0.44
MWI,Malawi,Sub-Saharan Africa,Afrique de l'Est,Low income,Revenu faible,2007,54.7,96.9,333.0,5.72,128.7,,7.4,59.7,16.2,475.0,13576343.0,1.0,0.48
MWI,Malawi,Sub-Saharan Africa,Afrique de l'Est,Low income,Revenu faible,2008,55.7,91.0,430.0,5.61,136.0,,7.8,60.5,18.4,554.0,13976417.0,0.7,0.55
MWI,Malawi,Sub-Saharan Africa,Afrique de l'Est,Low income,Revenu faible,2009,56.7,85.3,512.0,5.45,133.8,,8.3,61.3,20.7,626.0,14395788.0,1.1,0.63
MWI,Malawi,Sub-Saharan Africa,Afrique de l'Est,Low income,Revenu faible,2010,57.8,80.1,517.0,5.26,136.0,,8.7,62.1,23.0,683.0,14826463.0,2.3,0.68
MWI,Malawi,Sub-Saharan Africa,Afrique de l'Est,Low income,Revenu faible,2011,58.9,74.0,486.0,5.08,136.6,,7.6,62.8,25.2,763.0,15265022.0,3.3,0.76
MWI,Malawi,Sub-Saharan Africa,Afrique de l'Est,Low income,Revenu faible,2012,59.9,67.9,447.0,4.9,136.6,,7.4,63.6,27.4,558.0,15709577.0,4.4,0.56
MWI,Malawi,Sub-Saharan Africa,Afrique de l'Est,Low income,Revenu faible,2013,60.8,62.9,410.0,4.76,140.9,,9.0,64.4,29.6,497.0,16161816.0,5.1,0.5
MWI,Malawi,Sub-Saharan Africa,Afrique de l'Est,Low income,Revenu faible,2014,61.7,60.0,367.0,4.57,140.7,,11.9,65.2,31.9,530.0,16621538.0,5.8,0.53
MWI,Malawi,Sub-Saharan Africa,Afrique de l'Est,Low income,Revenu faible,2015,62.3,57.4,354.0,4.38,139.5,,10.8,66.0,34.1,540.0,17085587.0,6.0,0.54
MWI,Malawi,Sub-Saharan Africa,Afrique de l'Est,Low income,Revenu faible,2016,63.2,55.8,312.0,4.22,137.8,,11.0,66.8,36.3,451.0,17557739.0,6.3,0.45
MWI,Malawi,Sub-Saharan Africa,Afrique de l'Est,Low income,Revenu faible,2017,63.9,53.8,284.0,4.11,139.2,72.8,12.7,67.5,38.5,496.0,18039715.0,7.0,0.5
MWI,Malawi,Sub-Saharan Africa,Afrique de l'Est,Low income,Revenu faible,2018,64.5,52.0,267.0,4.02,136.7,76.7,18.0,68.3,40.6,533.0,18528081.0,8.8,0.53
MWI,Malawi,Sub-Saharan Africa,Afrique de l'Est,Low income,Revenu faible,2019,65.0,51.3,260.0,3.95,139.3,,11.2,69.1,42.8,581.0,19025752.0,11.1,0.58
MWI,Malawi,Sub-Saharan Africa,Afrique de l'Est,Low income,Revenu faible,2020,65.2,50.4,256.0,3.88,136.4,70.2,11.5,69.9,45.0,603.0,19533888.0,13.9,0.6
MWI,Malawi,Sub-Saharan Africa,Afrique de l'Est,Low income,Revenu faible,2021,64.8,50.0,286.0,3.79,127.0,,14.2,70.6,47.1,617.0,20047258.0,15.3,0.62
MWI,Malawi,Sub-Saharan Africa,Afrique de l'Est,Low income,Revenu faible,2022,66.0,50.1,239.0,3.72,126.6,,14.0,71.4,49.2,604.0,20568728.0,16.8,0.6
MWI,Malawi,Sub-Saharan Africa,Afrique de l'Est,Low income,Revenu faible,2023,67.4,49.6,225.0,3.65,136.0,,15.6,72.2,49.2,633.0,21104482.0,18.0,0.63
MLI,Mali,Sub-Saharan Africa,Afrique de l'Ouest,Low income,Revenu faible,2000,50.6,189.9,741.0,6.89,52.9,,9.6,49.4,17.3,305.0,11559290.0,0.1,0.3
MLI,Mali,Sub-Saharan Africa,Afrique de l'Ouest,Low income,Revenu faible,2001,51.3,183.9,694.0,6.85,57.5,,10.8,51.0,18.5,346.0,11912158.0,0.2,0.35
MLI,Mali,Sub-Saharan Africa,Afrique de l'Ouest,Low income,Revenu faible,2002,52.0,177.7,649.0,6.82,61.2,,13.0,52.7,19.7,378.0,12288050.0,0.2,0.38
MLI,Mali,Sub-Saharan Africa,Afrique de l'Ouest,Low income,Revenu faible,2003,52.6,171.7,616.0,6.78,63.1,24.0,14.7,54.3,21.0,442.0,12684955.0,0.3,0.44
MLI,Mali,Sub-Saharan Africa,Afrique de l'Ouest,Low income,Revenu faible,2004,53.3,165.8,592.0,6.74,66.4,,16.4,56.0,22.2,495.0,13102409.0,0.4,0.5
MLI,Mali,Sub-Saharan Africa,Afrique de l'Ouest,Low income,Revenu faible,2005,53.8,160.1,577.0,6.71,69.8,,18.2,57.6,23.4,549.0,13538647.0,0.5,0.55
MLI,Mali,Sub-Saharan Africa,Afrique de l'Ouest,Low income,Revenu faible,2006,54.3,154.6,568.0,6.68,72.5,26.2,16.6,59.2,24.7,587.0,13990139.0,0.7,0.59
MLI,Mali,Sub-Saharan Africa,Afrique de l'Ouest,Low income,Revenu faible,2007,54.8,149.2,574.0,6.65,74.7,,21.7,60.9,25.9,671.0,14457775.0,0.8,0.67
MLI,Mali,Sub-Saharan Africa,Afrique de l'Ouest,Low income,Revenu faible,2008,55.2,144.0,573.0,6.62,76.6,,23.4,62.5,27.2,767.0,14940782.0,1.6,0.77
MLI,Mali,Sub-Saharan Africa,Afrique de l'Ouest,Low income,Revenu faible,2009,55.6,138.9,565.0,6.59,77.8,,24.0,64.1,28.4,787.0,15435539.0,1.8,0.79
MLI,Mali,Sub-Saharan Africa,Afrique de l'Ouest,Low income,Revenu faible,2010,56.0,133.8,558.0,6.58,78.3,31.1,27.0,65.7,29.7,797.0,15945198.0,2.0,0.8
MLI,Mali,Sub-Saharan Africa,Afrique de l'Ouest,Low income,Revenu faible,2011,56.4,128.8,553.0,6.54,78.7,30.6,28.8,67.3,31.0,938.0,16469049.0,2.2,0.94
MLI,Mali,Sub-Saharan Africa,Afrique de l'Ouest,Low income,Revenu faible,2012,56.7,123.9,549.0,6.52,75.4,,25.6,68.8,32.2,873.0,16957033.0,2.8,0.87
MLI,Mali,Sub-Saharan Africa,Afrique de l'Ouest,Low income,Revenu faible,2013,57.1,119.1,525.0,6.49,70.9,,32.4,70.4,33.5,902.0,17459615.0,3.5,0.9
MLI,Mali,Sub-Saharan Africa,Afrique de l'Ouest,Low income,Revenu faible,2014,57.5,114.4,507.0,6.44,71.8,,34.2,71.9,34.8,948.0,18020267.0,7.0,0.95
MLI,Mali,Sub-Saharan Africa,Afrique de l'Ouest,Low income,Revenu faible,2015,57.9,109.7,490.0,6.38,70.5,33.1,37.6,73.4,36.1,838.0,18593022.0,10.3,0.84
MLI,Mali,Sub-Saharan Africa,Afrique de l'Ouest,Low income,Revenu faible,2016,58.3,105.1,472.0,6.32,71.9,,38.8,75.0,37.4,872.0,19191289.0,14.0,0.87
MLI,Mali,Sub-Saharan Africa,Afrique de l'Ouest,Low income,Revenu faible,2017,58.6,100.6,453.0,6.25,74.7,,34.8,76.4,38.7,924.0,19813011.0,18.9,0.92
MLI,Mali,Sub-Saharan Africa,Afrique de l'Ouest,Low income,Revenu faible,2018,58.9,96.2,434.0,6.12,70.4,35.5,50.9,77.9,39.9,996.0,20442030.0,21.4,1.0
MLI,Mali,Sub-Saharan Africa,Afrique de l'Ouest,Low income,Revenu faible,2019,59.2,91.9,416.0,5.89,70.9,,47.9,79.4,41.2,972.0,21068405.0,25.0,0.97
MLI,Mali,Sub-Saharan Africa,Afrique de l'Ouest,Low income,Revenu faible,2020,58.9,87.6,405.0,5.85,71.3,,50.6,80.8,42.5,953.0,21713836.0,29.1,0.95
MLI,Mali,Sub-Saharan Africa,Afrique de l'Ouest,Low income,Revenu faible,2021,59.1,83.6,415.0,5.78,71.8,,53.4,82.3,43.8,1027.0,22388630.0,34.0,1.03
MLI,Mali,Sub-Saharan Africa,Afrique de l'Ouest,Low income,Revenu faible,2022,60.0,79.7,381.0,5.69,72.3,,53.0,83.7,45.1,977.0,23072640.0,35.2,0.98
MLI,Mali,Sub-Saharan Africa,Afrique de l'Ouest,Low income,Revenu faible,2023,60.4,76.2,367.0,5.61,72.8,,54.5,85.1,46.4,1042.0,23769127.0,36.0,1.04
MRT,Mauritania,Sub-Saharan Africa,Afrique de l'Ouest,Lower middle income,Revenu intermédiaire (tranche inf.),2000,61.0,98.0,644.0,5.46,82.0,51.2,19.1,41.4,18.2,681.0,2613441.0,0.2,0.68
MRT,Mauritania,Sub-Saharan Africa,Afrique de l'Ouest,Lower middle income,Revenu intermédiaire (tranche inf.),2001,61.7,93.4,616.0,5.41,80.3,,22.2,42.3,19.3,652.0,2678760.0,0.3,0.65
MRT,Mauritania,Sub-Saharan Africa,Afrique de l'Ouest,Lower middle income,Revenu intermédiaire (tranche inf.),2002,62.2,88.2,590.0,5.37,81.0,,21.7,43.8,20.6,649.0,2738655.0,0.4,0.65
MRT,Mauritania,Sub-Saharan Africa,Afrique de l'Ouest,Lower middle income,Revenu intermédiaire (tranche inf.),2003,62.8,82.8,571.0,5.36,82.7,,23.0,45.3,21.9,732.0,2802046.0,0.4,0.73
MRT,Mauritania,Sub-Saharan Africa,Afrique de l'Ouest,Lower middle income,Revenu intermédiaire (tranche inf.),2004,63.4,77.5,557.0,5.37,89.0,,24.3,46.8,23.1,824.0,2868664.0,0.5,0.82
MRT,Mauritania,Sub-Saharan Africa,Afrique de l'Ouest,Lower middle income,Revenu intermédiaire (tranche inf.),2005,63.9,72.5,536.0,5.38,89.1,,18.2,48.4,24.4,999.0,2939059.0,0.7,1.0
MRT,Mauritania,Sub-Saharan Africa,Afrique de l'Ouest,Lower middle income,Revenu intermédiaire (tranche inf.),2006,64.5,68.1,521.0,5.4,92.3,,27.0,49.9,26.0,1301.0,3013660.0,1.0,1.3
MRT,Mauritania,Sub-Saharan Africa,Afrique de l'Ouest,Lower middle income,Revenu intermédiaire (tranche inf.),2007,64.9,64.3,516.0,5.43,94.5,,33.0,51.4,27.6,1405.0,3093059.0,1.4,1.4
MRT,Mauritania,Sub-Saharan Africa,Afrique de l'Ouest,Lower middle income,Revenu intermédiaire (tranche inf.),2008,65.2,61.3,506.0,5.44,91.2,,30.0,53.0,29.2,1636.0,3183269.0,1.9,1.64
MRT,Mauritania,Sub-Saharan Africa,Afrique de l'Ouest,Lower middle income,Revenu intermédiaire (tranche inf.),2009,65.5,58.8,500.0,5.41,97.0,,31.1,54.5,30.9,1435.0,3284448.0,2.3,1.44
MRT,Mauritania,Sub-Saharan Africa,Afrique de l'Ouest,Lower middle income,Revenu intermédiaire (tranche inf.),2010,65.7,56.8,499.0,5.38,97.9,,34.2,56.1,32.6,1660.0,3390965.0,4.0,1.66
MRT,Mauritania,Sub-Saharan Africa,Afrique de l'Ouest,Lower middle income,Revenu intermédiaire (tranche inf.),2011,65.8,55.1,494.0,5.38,95.4,,35.3,57.6,34.4,1931.0,3502811.0,4.5,1.93
MRT,Mauritania,Sub-Saharan Africa,Afrique de l'Ouest,Lower middle income,Revenu intermédiaire (tranche inf.),2012,65.8,53.5,496.0,5.35,94.9,,36.4,59.2,36.2,1859.0,3619034.0,5.0,1.86
MRT,Mauritania,Sub-Saharan Africa,Afrique de l'Ouest,Lower middle income,Revenu intermédiaire (tranche inf.),2013,65.9,52.1,496.0,5.32,93.6,62.1,37.6,60.8,38.0,1936.0,3734318.0,6.2,1.94
MRT,Mauritania,Sub-Saharan Africa,Afrique de l'Ouest,Lower middle income,Revenu intermédiaire (tranche inf.),2014,66.2,50.6,484.0,5.26,93.9,,38.8,62.3,39.9,1719.0,3848514.0,11.8,1.72
MRT,Mauritania,Sub-Saharan Africa,Afrique de l'Ouest,Lower middle income,Revenu intermédiaire (tranche inf.),2015,66.5,49.1,469.0,5.21,96.7,65.1,39.5,63.9,41.8,1559.0,3965959.0,17.6,1.56
MRT,Mauritania,Sub-Saharan Africa,Afrique de l'Ouest,Lower middle income,Revenu intermédiaire (tranche inf.),2016,66.8,47.7,456.0,5.16,88.7,,41.2,65.5,43.7,1568.0,4086657.0,19.2,1.57
MRT,Mauritania,Sub-Saharan Africa,Afrique de l'Ouest,Lower middle income,Revenu intermédiaire (tranche inf.),2017,67.1,46.2,450.0,5.11,87.8,,42.9,67.1,45.7,1618.0,4210600.0,21.0,1.62
MRT,Mauritania,Sub-Saharan Africa,Afrique de l'Ouest,Lower middle income,Revenu intermédiaire (tranche inf.),2018,67.4,44.7,437.0,5.04,90.2,,43.6,68.6,47.7,1723.0,4337685.0,23.0,1.72
MRT,Mauritania,Sub-Saharan Africa,Afrique de l'Ouest,Lower middle income,Revenu intermédiaire (tranche inf.),2019,67.6,43.4,424.0,4.98,90.3,,44.9,70.2,49.7,1767.0,4467708.0,25.1,1.77
MRT,Mauritania,Sub-Saharan Africa,Afrique de l'Ouest,Lower middle income,Revenu intermédiaire (tranche inf.),2020,66.8,42.0,413.0,4.91,93.8,59.5,45.4,71.7,51.8,1796.0,4600131.0,29.9,1.8
MRT,Mauritania,Sub-Saharan Africa,Afrique de l'Ouest,Lower middle income,Revenu intermédiaire (tranche inf.),2021,66.8,40.7,425.0,4.85,97.2,,47.7,73.3,53.9,1947.0,4734874.0,35.6,1.95
MRT,Mauritania,Sub-Saharan Africa,Afrique de l'Ouest,Lower middle income,Revenu intermédiaire (tranche inf.),2022,68.3,39.4,385.0,4.77,100.6,,49.0,74.9,56.1,1961.0,4875637.0,42.5,1.96
MRT,Mauritania,Sub-Saharan Africa,Afrique de l'Ouest,Lower middle income,Revenu intermédiaire (tranche inf.),2023,68.5,38.1,381.0,4.7,104.0,,50.3,76.4,58.3,2128.0,5022441.0,45.0,2.13
MUS,Mauritius,Sub-Saharan Africa,Afrique de l'Est,Upper middle income,Revenu intermédiaire (tranche sup.),2000,71.7,18.8,43.0,1.99,103.1,84.3,99.0,99.4,90.5,3982.0,1186873.0,7.3,3.98
MUS,Mauritius,Sub-Saharan Africa,Afrique de l'Est,Upper middle income,Revenu intermédiaire (tranche sup.),2001,71.8,17.5,42.0,1.91,103.0,,99.2,99.4,90.8,3909.0,1196287.0,8.8,3.91
MUS,Mauritius,Sub-Saharan Africa,Afrique de l'Est,Upper middle income,Revenu intermédiaire (tranche sup.),2002,72.0,16.6,42.0,1.94,102.7,,99.4,99.4,91.1,4073.0,1204621.0,10.3,4.07
MUS,Mauritius,Sub-Saharan Africa,Afrique de l'Est,Upper middle income,Revenu intermédiaire (tranche sup.),2003,72.1,16.0,42.0,1.87,102.2,,99.1,99.4,91.4,4858.0,1213370.0,12.2,4.86
MUS,Mauritius,Sub-Saharan Africa,Afrique de l'Est,Upper middle income,Revenu intermédiaire (tranche sup.),2004,72.3,15.7,43.0,1.92,101.9,,99.0,99.5,91.6,5461.0,1221003.0,13.7,5.46
MUS,Mauritius,Sub-Saharan Africa,Afrique de l'Est,Upper middle income,Revenu intermédiaire (tranche sup.),2005,72.4,15.6,43.0,1.88,102.1,,99.0,99.5,91.9,5354.0,1228254.0,15.2,5.35
MUS,Mauritius,Sub-Saharan Africa,Afrique de l'Est,Upper middle income,Revenu intermédiaire (tranche sup.),2006,72.4,15.4,45.0,1.77,101.6,,99.0,99.5,92.2,5784.0,1233996.0,16.7,5.78
MUS,Mauritius,Sub-Saharan Africa,Afrique de l'Est,Upper middle income,Revenu intermédiaire (tranche sup.),2007,72.6,15.2,46.0,1.74,100.8,,99.0,99.5,92.5,6677.0,1239630.0,20.2,6.68
MUS,Mauritius,Sub-Saharan Africa,Afrique de l'Est,Upper middle income,Revenu intermédiaire (tranche sup.),2008,72.6,15.0,48.0,1.67,101.2,,99.0,99.5,92.8,8140.0,1244121.0,21.8,8.14
MUS,Mauritius,Sub-Saharan Africa,Afrique de l'Est,Upper middle income,Revenu intermédiaire (tranche sup.),2009,72.9,14.9,51.0,1.59,100.5,,99.0,99.6,93.1,7427.0,1247429.0,22.5,7.43
MUS,Mauritius,Sub-Saharan Africa,Afrique de l'Est,Upper middle income,Revenu intermédiaire (tranche sup.),2010,73.0,14.8,53.0,1.57,100.6,,99.4,99.6,93.4,8113.0,1250400.0,28.3,8.11
MUS,Mauritius,Sub-Saharan Africa,Afrique de l'Est,Upper middle income,Revenu intermédiaire (tranche sup.),2011,73.3,14.9,55.0,1.55,100.0,89.2,99.6,99.6,93.6,9324.0,1252404.0,35.0,9.32
MUS,Mauritius,Sub-Saharan Africa,Afrique de l'Est,Upper middle income,Revenu intermédiaire (tranche sup.),2012,73.9,15.0,55.0,1.56,99.4,91.8,99.4,99.6,93.9,9422.0,1255882.0,35.4,9.42
MUS,Mauritius,Sub-Saharan Africa,Afrique de l'Est,Upper middle income,Revenu intermédiaire (tranche sup.),2013,74.0,14.9,58.0,1.45,97.8,91.5,99.4,99.7,94.2,9877.0,1258927.0,40.1,9.88
MUS,Mauritius,Sub-Saharan Africa,Afrique de l'Est,Upper middle income,Revenu intermédiaire (tranche sup.),2014,74.2,14.7,60.0,1.44,97.2,92.5,99.5,99.7,94.5,10490.0,1261208.0,44.8,10.49
MUS,Mauritius,Sub-Saharan Africa,Afrique de l'Est,Upper middle income,Revenu intermédiaire (tranche sup.),2015,74.4,14.5,61.0,1.37,97.1,92.7,99.6,99.7,94.8,9631.0,1262879.0,50.1,9.63
MUS,Mauritius,Sub-Saharan Africa,Afrique de l'Est,Upper middle income,Revenu intermédiaire (tranche sup.),2016,74.4,14.6,62.0,1.41,96.7,93.2,99.7,99.7,95.1,10095.0,1263747.0,52.2,10.1
MUS,Mauritius,Sub-Saharan Africa,Afrique de l'Est,Upper middle income,Revenu intermédiaire (tranche sup.),2017,74.5,15.0,66.0,1.46,96.5,,99.6,99.8,95.4,10987.0,1264887.0,55.4,10.99
MUS,Mauritius,Sub-Saharan Africa,Afrique de l'Est,Upper middle income,Revenu intermédiaire (tranche sup.),2018,74.4,15.4,67.0,1.42,96.4,,99.8,99.8,95.7,11819.0,1265577.0,58.6,11.82
MUS,Mauritius,Sub-Saharan Africa,Afrique de l'Est,Upper middle income,Revenu intermédiaire (tranche sup.),2019,74.2,15.7,67.0,1.41,95.4,,100.0,99.8,96.0,11568.0,1265985.0,61.7,11.57
MUS,Mauritius,Sub-Saharan Africa,Afrique de l'Est,Upper middle income,Revenu intermédiaire (tranche sup.),2020,74.2,15.8,58.0,1.46,95.0,,99.5,99.8,96.2,9136.0,1266014.0,67.7,9.14
MUS,Mauritius,Sub-Saharan Africa,Afrique de l'Est,Upper middle income,Revenu intermédiaire (tranche sup.),2021,73.7,15.7,80.0,1.42,99.9,93.0,99.6,99.9,96.5,9178.0,1266334.0,71.6,9.18
MUS,Mauritius,Sub-Saharan Africa,Afrique de l'Est,Upper middle income,Revenu intermédiaire (tranche sup.),2022,73.5,15.5,61.0,1.33,105.4,,100.0,99.9,96.8,10247.0,1262523.0,75.5,10.25
MUS,Mauritius,Sub-Saharan Africa,Afrique de l'Est,Upper middle income,Revenu intermédiaire (tranche sup.),2023,73.4,15.4,66.0,1.4,110.9,94.3,100.0,99.9,97.1,11270.0,1248647.0,79.5,11.27
MAR,Morocco,Middle East & North Africa,Afrique du Nord,Lower middle income,Revenu intermédiaire (tranche inf.),2000,66.8,52.4,271.0,2.77,93.8,,69.8,62.1,68.2,1499.0,28423435.0,0.7,1.5
MAR,Morocco,Middle East & North Africa,Afrique du Nord,Lower middle income,Revenu intermédiaire (tranche inf.),2001,67.2,50.2,254.0,2.69,98.3,,71.6,63.5,69.0,1506.0,28814643.0,1.4,1.51
MAR,Morocco,Middle East & North Africa,Afrique du Nord,Lower middle income,Revenu intermédiaire (tranche inf.),2002,67.6,48.0,238.0,2.62,103.4,,73.3,64.8,70.2,1596.0,29198142.0,2.4,1.6
MAR,Morocco,Middle East & North Africa,Afrique du Nord,Lower middle income,Revenu intermédiaire (tranche inf.),2003,68.0,45.8,224.0,2.61,106.0,,75.1,66.1,71.4,1942.0,29571415.0,3.4,1.94
MAR,Morocco,Middle East & North Africa,Afrique du Nord,Lower middle income,Revenu intermédiaire (tranche inf.),2004,68.3,43.6,213.0,2.61,106.0,52.3,78.2,67.4,72.2,2184.0,29953018.0,11.6,2.18
MAR,Morocco,Middle East & North Africa,Afrique du Nord,Lower middle income,Revenu intermédiaire (tranche inf.),2005,68.7,41.4,196.0,2.61,105.9,,78.6,68.8,73.2,2243.0,30358144.0,15.1,2.24
MAR,Morocco,Middle East & North Africa,Afrique du Nord,Lower middle income,Revenu intermédiaire (tranche inf.),2006,69.2,39.2,182.0,2.61,105.0,,96.5,70.2,74.1,2438.0,30771178.0,19.8,2.44
MAR,Morocco,Middle East & North Africa,Afrique du Nord,Lower middle income,Revenu intermédiaire (tranche inf.),2007,69.6,36.9,169.0,2.62,105.6,,82.2,71.6,75.1,2756.0,31186468.0,21.5,2.76
MAR,Morocco,Middle East & North Africa,Afrique du Nord,Lower middle income,Revenu intermédiaire (tranche inf.),2008,70.1,34.8,158.0,2.61,104.4,55.2,84.1,72.9,76.0,3183.0,31606767.0,33.1,3.18
MAR,Morocco,Middle East & North Africa,Afrique du Nord,Lower middle income,Revenu intermédiaire (tranche inf.),2009,70.5,32.8,148.0,2.62,104.1,56.1,85.9,74.3,77.0,3120.0,32030778.0,41.3,3.12
MAR,Morocco,Middle East & North Africa,Afrique du Nord,Lower middle income,Revenu intermédiaire (tranche inf.),2010,70.8,30.9,140.0,2.63,107.2,,95.7,75.6,77.9,3068.0,32467016.0,52.0,3.07
MAR,Morocco,Middle East & North Africa,Afrique du Nord,Lower middle income,Revenu intermédiaire (tranche inf.),2011,71.3,29.2,130.0,2.6,108.9,67.1,96.1,76.9,78.9,3302.0,32912588.0,46.1,3.3
MAR,Morocco,Middle East & North Africa,Afrique du Nord,Lower middle income,Revenu intermédiaire (tranche inf.),2012,71.7,27.5,121.0,2.54,108.8,69.2,96.4,78.2,79.8,3164.0,33355241.0,55.4,3.16
MAR,Morocco,Middle East & North Africa,Afrique du Nord,Lower middle income,Revenu intermédiaire (tranche inf.),2013,72.1,26.0,113.0,2.48,108.1,,97.2,79.5,80.7,3380.0,33787571.0,56.0,3.38
MAR,Morocco,Middle East & North Africa,Afrique du Nord,Lower middle income,Revenu intermédiaire (tranche inf.),2014,72.5,24.5,106.0,2.42,107.3,64.3,97.3,80.8,81.7,3435.0,34204780.0,56.8,3.44
MAR,Morocco,Middle East & North Africa,Afrique du Nord,Lower middle income,Revenu intermédiaire (tranche inf.),2015,72.9,23.1,100.0,2.41,106.0,,97.3,82.0,82.6,3146.0,34607588.0,57.1,3.15
MAR,Morocco,Middle East & North Africa,Afrique du Nord,Lower middle income,Revenu intermédiaire (tranche inf.),2016,73.2,21.9,94.0,2.4,105.9,,97.8,83.2,83.5,3141.0,35023457.0,58.3,3.14
MAR,Morocco,Middle East & North Africa,Afrique du Nord,Lower middle income,Revenu intermédiaire (tranche inf.),2017,73.6,20.8,88.0,2.38,106.9,,100.0,84.4,84.5,3297.0,35446392.0,61.8,3.3
MAR,Morocco,Middle East & North Africa,Afrique du Nord,Lower middle income,Revenu intermédiaire (tranche inf.),2018,73.9,19.9,83.0,2.35,108.3,,98.1,85.6,85.4,3502.0,35839760.0,64.8,3.5
MAR,Morocco,Middle East & North Africa,Afrique du Nord,Lower middle income,Revenu intermédiaire (tranche inf.),2019,74.2,19.1,79.0,2.34,110.1,,99.6,86.8,86.3,3508.0,36210898.0,84.1,3.51
MAR,Morocco,Middle East & North Africa,Afrique du Nord,Lower middle income,Revenu intermédiaire (tranche inf.),2020,73.1,18.3,81.0,2.32,112.4,,100.0,87.9,87.3,3268.0,36584208.0,84.1,3.27
MAR,Morocco,Middle East & North Africa,Afrique du Nord,Lower middle income,Revenu intermédiaire (tranche inf.),2021,73.4,17.6,92.0,2.29,112.9,,100.0,89.0,87.4,3786.0,36954442.0,88.1,3.79
MAR,Morocco,Middle East & North Africa,Afrique du Nord,Lower middle income,Revenu intermédiaire (tranche inf.),2022,75.2,17.0,71.0,2.26,116.6,,100.0,90.1,87.5,3463.0,37329064.0,89.9,3.46
MAR,Morocco,Middle East & North Africa,Afrique du Nord,Lower middle income,Revenu intermédiaire (tranche inf.),2023,75.3,16.3,70.0,2.23,117.6,,100.0,91.2,87.6,3814.0,37712505.0,91.0,3.81
MOZ,Mozambique,Sub-Saharan Africa,Afrique de l'Est,Low income,Revenu faible,2000,49.5,164.6,547.0,5.83,73.2,,6.1,23.4,10.7,327.0,18129653.0,0.1,0.33
MOZ,Mozambique,Sub-Saharan Africa,Afrique de l'Est,Low income,Revenu faible,2001,50.3,155.7,473.0,5.76,79.6,,5.7,24.4,11.7,305.0,18537729.0,0.2,0.3
MOZ,Mozambique,Sub-Saharan Africa,Afrique de l'Est,Low income,Revenu faible,2002,50.9,147.5,398.0,5.67,83.0,,8.4,25.9,12.7,314.0,18958338.0,0.3,0.31
MOZ,Mozambique,Sub-Saharan Africa,Afrique de l'Est,Low income,Revenu faible,2003,51.4,139.8,360.0,5.6,88.1,48.2,8.1,27.4,13.7,339.0,19392475.0,0.4,0.34
MOZ,Mozambique,Sub-Saharan Africa,Afrique de l'Est,Low income,Revenu faible,2004,51.9,132.5,321.0,5.55,93.1,,10.7,28.9,14.7,400.0,19840313.0,0.7,0.4
MOZ,Mozambique,Sub-Saharan Africa,Afrique de l'Est,Low income,Revenu faible,2005,52.3,125.7,301.0,5.5,100.1,,11.8,30.4,15.7,437.0,20304569.0,0.9,0.44
MOZ,Mozambique,Sub-Saharan Africa,Afrique de l'Est,Low income,Revenu faible,2006,52.7,118.8,298.0,5.45,102.7,,13.0,31.9,16.7,457.0,20787087.0,0.8,0.46
MOZ,Mozambique,Sub-Saharan Africa,Afrique de l'Est,Low income,Revenu faible,2007,53.3,110.7,327.0,5.47,109.3,,12.4,33.5,17.7,508.0,21287635.0,0.9,0.51
MOZ,Mozambique,Sub-Saharan Africa,Afrique de l'Est,Low income,Revenu faible,2008,53.8,104.4,365.0,5.6,114.2,,13.6,35.3,18.8,592.0,21819036.0,1.6,0.59
MOZ,Mozambique,Sub-Saharan Africa,Afrique de l'Est,Low income,Revenu faible,2009,54.4,98.3,352.0,5.68,115.1,50.6,15.0,37.1,20.0,548.0,22391745.0,2.7,0.55
MOZ,Mozambique,Sub-Saharan Africa,Afrique de l'Est,Low income,Revenu faible,2010,55.0,95.6,305.0,5.66,116.9,,18.9,38.9,21.1,496.0,22999235.0,4.2,0.5
MOZ,Mozambique,Sub-Saharan Africa,Afrique de l'Est,Low income,Revenu faible,2011,55.7,91.1,268.0,5.6,113.6,,20.2,40.7,22.3,618.0,23649039.0,4.6,0.62
MOZ,Mozambique,Sub-Saharan Africa,Afrique de l'Est,Low income,Revenu faible,2012,56.5,86.5,218.0,5.52,113.2,,21.2,42.6,23.5,686.0,24337846.0,5.0,0.69
MOZ,Mozambique,Sub-Saharan Africa,Afrique de l'Est,Low income,Revenu faible,2013,57.2,82.9,196.0,5.43,114.1,,22.4,44.5,24.7,687.0,25051611.0,5.5,0.69
MOZ,Mozambique,Sub-Saharan Africa,Afrique de l'Est,Low income,Revenu faible,2014,58.0,79.7,210.0,5.3,114.3,,24.8,46.4,25.9,697.0,25788475.0,6.0,0.7
MOZ,Mozambique,Sub-Saharan Africa,Afrique de l'Est,Low income,Revenu faible,2015,58.7,75.8,216.0,5.24,114.8,56.0,24.0,48.3,27.1,611.0,26547572.0,6.5,0.61
MOZ,Mozambique,Sub-Saharan Africa,Afrique de l'Est,Low income,Revenu faible,2016,59.5,73.3,202.0,5.19,113.7,,26.2,50.3,28.3,441.0,27337105.0,7.0,0.44
MOZ,Mozambique,Sub-Saharan Africa,Afrique de l'Est,Low income,Revenu faible,2017,60.1,72.0,187.0,5.13,111.6,60.7,24.3,52.2,29.5,471.0,28166393.0,7.8,0.47
MOZ,Mozambique,Sub-Saharan Africa,Afrique de l'Est,Low income,Revenu faible,2018,60.8,70.2,159.0,5.07,115.3,,31.1,54.2,30.8,518.0,29018644.0,10.9,0.52
MOZ,Mozambique,Sub-Saharan Africa,Afrique de l'Est,Low income,Revenu faible,2019,61.3,68.6,134.0,5.02,117.9,,29.7,56.3,32.1,519.0,29884380.0,12.5,0.52
MOZ,Mozambique,Sub-Saharan Africa,Afrique de l'Est,Low income,Revenu faible,2020,61.4,67.6,123.0,4.96,119.0,59.8,30.6,58.3,33.3,462.0,30783688.0,14.3,0.46
MOZ,Mozambique,Sub-Saharan Africa,Afrique de l'Est,Low income,Revenu faible,2021,60.3,65.5,180.0,4.9,119.1,,31.5,60.3,34.6,510.0,31707800.0,16.4,0.51
MOZ,Mozambique,Sub-Saharan Africa,Afrique de l'Est,Low income,Revenu faible,2022,63.0,63.9,104.0,4.84,119.2,61.7,33.2,62.4,35.9,578.0,32656246.0,19.0,0.58
MOZ,Mozambique,Sub-Saharan Africa,Afrique de l'Est,Low income,Revenu faible,2023,63.6,61.7,99.0,4.76,119.2,,36.0,64.5,37.3,622.0,33635160.0,19.9,0.62
NAM,Namibia,Sub-Saharan Africa,Afrique australe,Lower middle income,Revenu intermédiaire (tranche inf.),2000,52.9,78.2,384.0,3.99,113.9,,36.5,76.2,27.1,2157.0,1818647.0,1.6,2.16
NAM,Namibia,Sub-Saharan Africa,Afrique australe,Lower middle income,Revenu intermédiaire (tranche inf.),2001,52.0,77.6,376.0,3.83,112.3,84.9,36.0,76.6,27.6,1916.0,1857048.0,2.4,1.92
NAM,Namibia,Sub-Saharan Africa,Afrique australe,Lower middle income,Revenu intermédiaire (tranche inf.),2002,52.0,76.6,313.0,3.69,111.9,,36.9,77.1,28.2,1772.0,1889970.0,2.6,1.77
NAM,Namibia,Sub-Saharan Africa,Afrique australe,Lower middle income,Revenu intermédiaire (tranche inf.),2003,51.9,75.6,290.0,3.58,112.0,,37.8,77.6,28.8,2569.0,1917464.0,3.4,2.57
NAM,Namibia,Sub-Saharan Africa,Afrique australe,Lower middle income,Revenu intermédiaire (tranche inf.),2004,52.2,74.4,282.0,3.54,110.7,,38.7,78.1,29.4,3403.0,1942082.0,3.8,3.4
NAM,Namibia,Sub-Saharan Africa,Afrique australe,Lower middle income,Revenu intermédiaire (tranche inf.),2005,52.6,71.0,344.0,3.57,112.4,,39.6,78.5,30.0,3686.0,1966582.0,4.0,3.69
NAM,Namibia,Sub-Saharan Africa,Afrique australe,Lower middle income,Revenu intermédiaire (tranche inf.),2006,53.2,66.0,408.0,3.6,113.2,,40.5,79.0,30.6,4017.0,1991888.0,4.4,4.02
NAM,Namibia,Sub-Saharan Africa,Afrique australe,Lower middle income,Revenu intermédiaire (tranche inf.),2007,54.0,62.0,489.0,3.61,116.1,,43.7,79.5,31.2,4379.0,2018600.0,4.8,4.38
NAM,Namibia,Sub-Saharan Africa,Afrique australe,Lower middle income,Revenu intermédiaire (tranche inf.),2008,54.7,57.5,537.0,3.62,116.3,,42.4,79.9,31.7,4205.0,2047056.0,5.3,4.2
NAM,Namibia,Sub-Saharan Africa,Afrique australe,Lower middle income,Revenu intermédiaire (tranche inf.),2009,55.3,53.2,547.0,3.63,117.0,,44.1,80.4,32.3,4303.0,2077394.0,6.5,4.3
NAM,Namibia,Sub-Saharan Africa,Afrique australe,Lower middle income,Revenu intermédiaire (tranche inf.),2010,56.1,50.3,531.0,3.66,118.1,,44.4,80.8,32.8,5418.0,2109811.0,11.6,5.42
NAM,Namibia,Sub-Saharan Africa,Afrique australe,Lower middle income,Revenu intermédiaire (tranche inf.),2011,56.6,50.0,498.0,3.66,119.1,88.3,42.3,81.3,33.3,5835.0,2146325.0,12.0,5.84
NAM,Namibia,Sub-Saharan Africa,Afrique australe,Lower middle income,Revenu intermédiaire (tranche inf.),2012,57.7,52.6,439.0,3.68,121.1,,46.4,81.7,33.8,5943.0,2194654.0,12.9,5.94
NAM,Namibia,Sub-Saharan Africa,Afrique australe,Lower middle income,Revenu intermédiaire (tranche inf.),2013,58.5,50.8,402.0,3.65,122.7,,47.4,82.1,34.3,5347.0,2252508.0,13.9,5.35
NAM,Namibia,Sub-Saharan Africa,Afrique australe,Lower middle income,Revenu intermédiaire (tranche inf.),2014,59.3,50.0,369.0,3.64,122.7,,48.4,82.6,34.8,5378.0,2312139.0,14.8,5.38
NAM,Namibia,Sub-Saharan Africa,Afrique australe,Lower middle income,Revenu intermédiaire (tranche inf.),2015,60.0,51.8,307.0,3.6,124.6,,51.6,83.0,35.2,4774.0,2374300.0,25.7,4.77
NAM,Namibia,Sub-Saharan Africa,Afrique australe,Lower middle income,Revenu intermédiaire (tranche inf.),2016,60.8,51.4,250.0,3.57,124.2,88.1,49.7,83.4,35.7,4396.0,2439213.0,31.0,4.4
NAM,Namibia,Sub-Saharan Africa,Afrique australe,Lower middle income,Revenu intermédiaire (tranche inf.),2017,61.7,49.8,213.0,3.51,125.9,,52.5,83.8,36.1,5144.0,2506853.0,36.8,5.14
NAM,Namibia,Sub-Saharan Africa,Afrique australe,Lower middle income,Revenu intermédiaire (tranche inf.),2018,62.6,48.5,198.0,3.46,124.6,88.3,52.3,84.1,36.5,5309.0,2577327.0,42.8,5.31
NAM,Namibia,Sub-Saharan Africa,Afrique australe,Lower middle income,Revenu intermédiaire (tranche inf.),2019,63.5,46.6,175.0,3.4,124.2,,53.3,84.6,36.9,4732.0,2650494.0,49.8,4.73
NAM,Namibia,Sub-Saharan Africa,Afrique australe,Lower middle income,Revenu intermédiaire (tranche inf.),2020,64.1,44.8,143.0,3.35,122.3,,52.3,85.0,37.3,3879.0,2728762.0,57.9,3.88
NAM,Namibia,Sub-Saharan Africa,Afrique australe,Lower middle income,Revenu intermédiaire (tranche inf.),2021,60.8,43.2,254.0,3.3,121.8,,55.2,85.4,37.7,4413.0,2810548.0,60.3,4.41
NAM,Namibia,Sub-Saharan Africa,Afrique australe,Lower middle income,Revenu intermédiaire (tranche inf.),2022,64.2,41.6,127.0,3.25,120.3,,56.2,85.8,38.1,4350.0,2889662.0,63.0,4.35
NAM,Namibia,Sub-Saharan Africa,Afrique australe,Lower middle income,Revenu intermédiaire (tranche inf.),2023,67.4,41.1,139.0,3.21,119.5,87.6,56.7,86.1,38.4,4226.0,2963095.0,63.7,4.23
NER,Niger,Sub-Saharan Africa,Afrique de l'Ouest,Low income,Revenu faible,2000,49.2,227.9,845.0,7.83,32.1,,6.5,36.5,6.5,195.0,11509630.0,0.0,0.2
NER,Niger,Sub-Saharan Africa,Afrique de l'Ouest,Low income,Revenu faible,2001,49.9,217.4,843.0,7.81,35.1,14.4,8.4,37.4,6.9,205.0,11920647.0,0.1,0.2
NER,Niger,Sub-Saharan Africa,Afrique de l'Ouest,Low income,Revenu faible,2002,50.6,205.9,835.0,7.8,39.0,,8.8,38.1,7.3,225.0,12349144.0,0.1,0.22
NER,Niger,Sub-Saharan Africa,Afrique de l'Ouest,Low income,Revenu faible,2003,51.5,194.1,813.0,7.79,42.1,,9.3,38.9,7.7,265.0,12796984.0,0.2,0.26
NER,Niger,Sub-Saharan Africa,Afrique de l'Ouest,Low income,Revenu faible,2004,52.4,182.4,790.0,7.78,46.0,,9.7,39.6,8.1,283.0,13265836.0,0.2,0.28
NER,Niger,Sub-Saharan Africa,Afrique de l'Ouest,Low income,Revenu faible,2005,53.3,171.4,764.0,7.77,47.8,28.7,7.1,40.3,8.5,319.0,13756192.0,0.2,0.32
NER,Niger,Sub-Saharan Africa,Afrique de l'Ouest,Low income,Revenu faible,2006,54.2,161.6,737.0,7.74,48.3,,9.3,41.1,8.9,333.0,14268581.0,0.3,0.33
NER,Niger,Sub-Saharan Africa,Afrique de l'Ouest,Low income,Revenu faible,2007,55.1,153.1,704.0,7.73,50.5,,11.2,41.8,9.3,387.0,14803610.0,0.4,0.39
NER,Niger,Sub-Saharan Africa,Afrique de l'Ouest,Low income,Revenu faible,2008,55.9,146.0,669.0,7.7,54.2,,11.8,42.5,9.7,475.0,15361915.0,0.7,0.48
NER,Niger,Sub-Saharan Africa,Afrique de l'Ouest,Low income,Revenu faible,2009,56.5,140.3,647.0,7.68,58.0,,12.3,43.2,10.1,461.0,15943675.0,0.8,0.46
NER,Niger,Sub-Saharan Africa,Afrique de l'Ouest,Low income,Revenu faible,2010,57.1,136.0,621.0,7.64,61.6,,13.6,43.9,10.5,474.0,16548835.0,0.8,0.47
NER,Niger,Sub-Saharan Africa,Afrique de l'Ouest,Low income,Revenu faible,2011,57.6,132.7,585.0,7.59,65.3,,14.3,44.6,10.9,511.0,17176283.0,0.9,0.51
NER,Niger,Sub-Saharan Africa,Afrique de l'Ouest,Low income,Revenu faible,2012,58.0,130.3,554.0,7.53,67.2,30.6,14.4,45.3,11.3,529.0,17836769.0,1.0,0.53
NER,Niger,Sub-Saharan Africa,Afrique de l'Ouest,Low income,Revenu faible,2013,58.4,128.3,526.0,7.44,68.1,,15.2,46.0,11.7,552.0,18519898.0,1.1,0.55
NER,Niger,Sub-Saharan Africa,Afrique de l'Ouest,Low income,Revenu faible,2014,58.7,126.8,497.0,7.34,68.7,29.0,15.7,46.6,12.1,565.0,19215909.0,1.2,0.56
NER,Niger,Sub-Saharan Africa,Afrique de l'Ouest,Low income,Revenu faible,2015,58.8,125.4,473.0,7.22,70.9,,16.6,47.3,12.5,486.0,19939498.0,2.5,0.49
NER,Niger,Sub-Saharan Africa,Afrique de l'Ouest,Low income,Revenu faible,2016,59.2,124.3,450.0,7.04,72.8,,17.0,48.0,12.9,500.0,20685753.0,4.3,0.5
NER,Niger,Sub-Saharan Africa,Afrique de l'Ouest,Low income,Revenu faible,2017,59.5,123.1,433.0,6.87,74.4,,17.6,48.7,13.3,530.0,21435446.0,10.2,0.53
NER,Niger,Sub-Saharan Africa,Afrique de l'Ouest,Low income,Revenu faible,2018,59.8,121.9,420.0,6.71,70.6,33.0,17.6,49.4,13.7,577.0,22188069.0,10.7,0.58
NER,Niger,Sub-Saharan Africa,Afrique de l'Ouest,Low income,Revenu faible,2019,60.0,120.8,406.0,6.54,66.8,,18.5,50.0,14.1,541.0,22947757.0,11.3,0.54
NER,Niger,Sub-Saharan Africa,Afrique de l'Ouest,Low income,Revenu faible,2020,59.9,119.5,388.0,6.37,66.3,,18.7,50.7,14.5,575.0,23717613.0,11.9,0.57
NER,Niger,Sub-Saharan Africa,Afrique de l'Ouest,Low income,Revenu faible,2021,59.5,118.0,396.0,6.2,65.9,,18.6,51.4,15.0,610.0,24502140.0,12.5,0.61
NER,Niger,Sub-Saharan Africa,Afrique de l'Ouest,Low income,Revenu faible,2022,60.4,116.0,361.0,6.14,66.3,35.6,19.5,52.1,15.4,614.0,25311973.0,13.1,0.61
NER,Niger,Sub-Saharan Africa,Afrique de l'Ouest,Low income,Revenu faible,2023,61.2,113.5,350.0,6.06,66.9,,20.1,52.8,15.9,648.0,26159867.0,13.0,0.65
NGA,Nigeria,Sub-Saharan Africa,Afrique de l'Ouest,Lower middle income,Revenu intermédiaire (tranche inf.),2000,47.1,177.3,1136.0,6.12,95.5,,43.2,44.5,28.0,547.0,126382494.0,0.1,0.55
NGA,Nigeria,Sub-Saharan Africa,Afrique de l'Ouest,Lower middle income,Revenu intermédiaire (tranche inf.),2001,47.5,170.5,1130.0,6.13,92.5,,43.9,45.8,28.0,566.0,129862595.0,0.1,0.57
NGA,Nigeria,Sub-Saharan Africa,Afrique de l'Ouest,Lower middle income,Revenu intermédiaire (tranche inf.),2002,48.0,163.9,1117.0,6.12,93.7,,44.6,47.3,28.7,712.0,133471989.0,0.3,0.71
NGA,Nigeria,Sub-Saharan Africa,Afrique de l'Ouest,Lower middle income,Revenu intermédiaire (tranche inf.),2003,48.6,157.4,1090.0,6.1,94.8,54.8,52.2,48.9,29.4,763.0,137202644.0,0.6,0.76
NGA,Nigeria,Sub-Saharan Africa,Afrique de l'Ouest,Lower middle income,Revenu intermédiaire (tranche inf.),2004,49.1,151.4,1075.0,6.09,95.8,,46.1,50.5,30.1,962.0,141057045.0,1.3,0.96
NGA,Nigeria,Sub-Saharan Africa,Afrique de l'Ouest,Lower middle income,Revenu intermédiaire (tranche inf.),2005,49.5,145.8,1060.0,6.06,96.3,,46.8,52.0,30.8,1211.0,145017253.0,3.5,1.21
NGA,Nigeria,Sub-Saharan Africa,Afrique de l'Ouest,Lower middle income,Revenu intermédiaire (tranche inf.),2006,49.9,140.9,1067.0,6.05,96.7,70.2,47.6,53.6,31.5,1600.0,149077334.0,5.5,1.6
NGA,Nigeria,Sub-Saharan Africa,Afrique de l'Ouest,Lower middle income,Revenu intermédiaire (tranche inf.),2007,50.4,136.5,1063.0,6.03,88.1,,50.1,55.2,32.3,1816.0,153267261.0,6.8,1.82
NGA,Nigeria,Sub-Saharan Africa,Afrique de l'Ouest,Lower middle income,Revenu intermédiaire (tranche inf.),2008,50.7,132.5,1081.0,6.02,79.3,,50.3,56.8,33.1,2154.0,157595014.0,8.0,2.15
NGA,Nigeria,Sub-Saharan Africa,Afrique de l'Ouest,Lower middle income,Revenu intermédiaire (tranche inf.),2009,51.1,129.2,1088.0,5.99,80.3,,50.0,58.4,33.9,1820.0,162049464.0,9.3,1.82
NGA,Nigeria,Sub-Saharan Africa,Afrique de l'Ouest,Lower middle income,Revenu intermédiaire (tranche inf.),2010,51.3,126.3,1094.0,5.95,79.8,,48.0,60.0,34.7,2202.0,166642886.0,11.5,2.2
NGA,Nigeria,Sub-Saharan Africa,Afrique de l'Ouest,Lower middle income,Revenu intermédiaire (tranche inf.),2011,51.5,123.8,1108.0,5.89,84.7,,55.9,61.7,35.5,2418.0,171379598.0,13.8,2.42
NGA,Nigeria,Sub-Saharan Africa,Afrique de l'Ouest,Lower middle income,Revenu intermédiaire (tranche inf.),2012,51.7,121.6,1124.0,5.8,85.9,,53.0,63.3,36.4,2633.0,176200625.0,16.1,2.63
NGA,Nigeria,Sub-Saharan Africa,Afrique de l'Ouest,Lower middle income,Revenu intermédiaire (tranche inf.),2013,51.8,119.9,1146.0,5.69,87.8,,55.6,64.9,37.3,2873.0,181049443.0,19.1,2.87
NGA,Nigeria,Sub-Saharan Africa,Afrique de l'Ouest,Lower middle income,Revenu intermédiaire (tranche inf.),2014,51.9,118.7,1155.0,5.62,84.1,,54.2,66.5,38.3,3089.0,185896915.0,21.0,3.09
NGA,Nigeria,Sub-Saharan Africa,Afrique de l'Ouest,Lower middle income,Revenu intermédiaire (tranche inf.),2015,51.9,117.8,1168.0,5.5,25.6,,52.5,68.1,39.2,2586.0,190671878.0,22.5,2.59
NGA,Nigeria,Sub-Saharan Africa,Afrique de l'Ouest,Lower middle income,Revenu intermédiaire (tranche inf.),2016,52.2,117.4,1155.0,5.34,78.9,58.2,59.3,69.7,40.2,2070.0,195443700.0,24.1,2.07
NGA,Nigeria,Sub-Saharan Africa,Afrique de l'Ouest,Lower middle income,Revenu intermédiaire (tranche inf.),2017,52.4,117.2,1142.0,5.18,80.3,,54.4,71.4,41.2,1876.0,200254579.0,25.9,1.88
NGA,Nigeria,Sub-Saharan Africa,Afrique de l'Ouest,Lower middle income,Revenu intermédiaire (tranche inf.),2018,52.7,117.2,1118.0,5.02,81.6,,56.5,73.0,42.2,2058.0,204938755.0,27.7,2.06
NGA,Nigeria,Sub-Saharan Africa,Afrique de l'Ouest,Lower middle income,Revenu intermédiaire (tranche inf.),2019,53.0,117.4,1091.0,4.86,83.0,,55.4,74.6,43.3,3190.0,209485641.0,29.7,3.19
NGA,Nigeria,Sub-Saharan Africa,Afrique de l'Ouest,Lower middle income,Revenu intermédiaire (tranche inf.),2020,53.1,117.4,1065.0,4.7,84.4,,55.4,76.2,44.4,2797.0,213996181.0,31.9,2.8
NGA,Nigeria,Sub-Saharan Africa,Afrique de l'Ouest,Lower middle income,Revenu intermédiaire (tranche inf.),2021,53.5,117.6,1046.0,4.64,83.8,63.2,59.5,77.8,45.4,2787.0,218529286.0,35.5,2.79
NGA,Nigeria,Sub-Saharan Africa,Afrique de l'Ouest,Lower middle income,Revenu intermédiaire (tranche inf.),2022,54.1,117.5,1016.0,4.55,86.7,,60.5,79.5,46.6,2899.0,223150896.0,39.1,2.9
NGA,Nigeria,Sub-Saharan Africa,Afrique de l'Ouest,Lower middle income,Revenu intermédiaire (tranche inf.),2023,54.5,116.8,993.0,4.48,89.6,,61.2,81.1,47.7,2139.0,227882945.0,40.1,2.14
RWA,Rwanda,Sub-Saharan Africa,Afrique de l'Est,Low income,Revenu faible,2000,47.8,184.2,885.0,5.97,118.3,64.9,6.2,47.6,43.9,252.0,8213931.0,0.1,0.25
RWA,Rwanda,Sub-Saharan Africa,Afrique de l'Est,Low income,Revenu faible,2001,49.5,166.5,769.0,5.89,121.9,,4.7,48.4,45.7,237.0,8287094.0,0.2,0.24
RWA,Rwanda,Sub-Saharan Africa,Afrique de l'Est,Low income,Revenu faible,2002,51.3,149.1,677.0,5.82,123.6,,6.0,49.2,47.5,234.0,8400180.0,0.3,0.23
RWA,Rwanda,Sub-Saharan Africa,Afrique de l'Est,Low income,Revenu faible,2003,53.5,132.7,551.0,5.74,123.2,,7.4,49.8,49.1,249.0,8586875.0,0.4,0.25
RWA,Rwanda,Sub-Saharan Africa,Afrique de l'Est,Low income,Revenu faible,2004,55.5,117.5,460.0,5.64,131.4,,8.7,50.3,50.7,270.0,8816844.0,0.4,0.27
RWA,Rwanda,Sub-Saharan Africa,Afrique de l'Est,Low income,Revenu faible,2005,57.0,104.5,465.0,5.5,138.1,,4.8,50.8,52.3,324.0,9054528.0,0.6,0.32
RWA,Rwanda,Sub-Saharan Africa,Afrique de l'Est,Low income,Revenu faible,2006,58.3,93.4,494.0,5.34,148.0,,11.4,51.4,53.9,352.0,9299246.0,1.3,0.35
RWA,Rwanda,Sub-Saharan Africa,Afrique de l'Est,Low income,Revenu faible,2007,59.5,84.1,494.0,5.14,154.8,,12.8,51.9,55.5,421.0,9549933.0,2.1,0.42
RWA,Rwanda,Sub-Saharan Africa,Afrique de l'Est,Low income,Revenu faible,2008,60.6,76.0,454.0,4.92,154.7,,6.0,52.4,57.1,522.0,9804269.0,4.5,0.52
RWA,Rwanda,Sub-Saharan Africa,Afrique de l'Est,Low income,Revenu faible,2009,61.8,69.1,418.0,4.71,156.6,,15.6,53.0,58.6,557.0,10060432.0,7.7,0.56
RWA,Rwanda,Sub-Saharan Africa,Afrique de l'Est,Low income,Revenu faible,2010,62.8,63.3,393.0,4.52,155.3,,9.7,53.5,60.2,587.0,10317553.0,8.0,0.59
RWA,Rwanda,Sub-Saharan Africa,Afrique de l'Est,Low income,Revenu faible,2011,63.5,58.1,358.0,4.33,154.1,,10.8,54.0,61.8,643.0,10573733.0,7.0,0.64
RWA,Rwanda,Sub-Saharan Africa,Afrique de l'Est,Low income,Revenu faible,2012,64.2,54.2,331.0,4.2,153.4,68.3,17.5,54.6,63.4,698.0,10829901.0,8.0,0.7
RWA,Rwanda,Sub-Saharan Africa,Afrique de l'Est,Low income,Revenu faible,2013,64.7,51.4,317.0,4.14,123.7,,15.2,55.1,65.0,695.0,11093340.0,9.0,0.7
RWA,Rwanda,Sub-Saharan Africa,Afrique de l'Est,Low income,Revenu faible,2014,65.1,49.2,301.0,4.12,138.3,70.8,19.8,55.7,66.5,715.0,11364757.0,10.6,0.72
RWA,Rwanda,Sub-Saharan Africa,Afrique de l'Est,Low income,Revenu faible,2015,65.4,47.3,292.0,4.11,137.2,,22.8,56.2,68.1,726.0,11640022.0,12.5,0.73
RWA,Rwanda,Sub-Saharan Africa,Afrique de l'Est,Low income,Revenu faible,2016,65.7,45.8,278.0,4.11,140.6,,29.4,56.8,69.7,721.0,11919183.0,14.6,0.72
RWA,Rwanda,Sub-Saharan Africa,Afrique de l'Est,Low income,Revenu faible,2017,66.1,44.7,275.0,4.08,139.3,,34.1,57.3,71.2,751.0,12202060.0,17.2,0.75
RWA,Rwanda,Sub-Saharan Africa,Afrique de l'Est,Low income,Revenu faible,2018,66.4,43.7,269.0,4.05,137.1,73.2,38.0,57.9,72.8,773.0,12487996.0,19.2,0.77
RWA,Rwanda,Sub-Saharan Africa,Afrique de l'Est,Low income,Revenu faible,2019,66.7,42.7,261.0,3.98,138.0,,46.6,58.5,74.3,823.0,12776103.0,21.4,0.82
RWA,Rwanda,Sub-Saharan Africa,Afrique de l'Est,Low income,Revenu faible,2020,67.0,41.6,252.0,3.91,144.5,80.1,45.2,59.1,75.8,803.0,13065837.0,23.8,0.8
RWA,Rwanda,Sub-Saharan Africa,Afrique de l'Est,Low income,Revenu faible,2021,66.8,40.6,254.0,3.84,151.1,,48.7,59.6,77.4,843.0,13355260.0,24.4,0.84
RWA,Rwanda,Sub-Saharan Africa,Afrique de l'Est,Low income,Revenu faible,2022,67.5,39.7,234.0,3.78,148.8,78.8,50.6,60.2,78.9,1007.0,13651030.0,28.0,1.01
RWA,Rwanda,Sub-Saharan Africa,Afrique de l'Est,Low income,Revenu faible,2023,67.8,38.8,229.0,3.7,151.9,,63.9,60.8,80.3,1061.0,13954471.0,28.8,1.06
SEN,Senegal,Sub-Saharan Africa,Afrique de l'Ouest,Lower middle income,Revenu intermédiaire (tranche inf.),2000,57.6,128.9,581.0,5.5,68.5,,37.7,59.8,36.6,603.0,9968260.0,0.4,0.6
SEN,Senegal,Sub-Saharan Africa,Afrique de l'Ouest,Lower middle income,Revenu intermédiaire (tranche inf.),2001,58.2,121.7,560.0,5.4,70.6,,38.9,60.9,37.6,637.0,10212942.0,1.0,0.64
SEN,Senegal,Sub-Saharan Africa,Afrique de l'Ouest,Lower middle income,Revenu intermédiaire (tranche inf.),2002,58.9,113.2,531.0,5.3,71.6,39.3,36.8,62.0,38.6,669.0,10466214.0,1.0,0.67
SEN,Senegal,Sub-Saharan Africa,Afrique de l'Ouest,Lower middle income,Revenu intermédiaire (tranche inf.),2003,59.5,104.2,520.0,5.25,75.9,,41.9,63.2,39.7,818.0,10721176.0,2.1,0.82
SEN,Senegal,Sub-Saharan Africa,Afrique de l'Ouest,Lower middle income,Revenu intermédiaire (tranche inf.),2004,60.3,95.5,501.0,5.19,78.7,,36.8,64.4,40.8,918.0,10975704.0,4.4,0.92
SEN,Senegal,Sub-Saharan Africa,Afrique de l'Ouest,Lower middle income,Revenu intermédiaire (tranche inf.),2005,61.0,87.6,488.0,5.13,80.7,,47.1,65.6,41.9,980.0,11235472.0,4.8,0.98
SEN,Senegal,Sub-Saharan Africa,Afrique de l'Ouest,Lower middle income,Revenu intermédiaire (tranche inf.),2006,61.8,80.8,462.0,5.06,80.5,41.9,49.9,66.9,43.0,1017.0,11500094.0,5.6,1.02
SEN,Senegal,Sub-Saharan Africa,Afrique de l'Ouest,Lower middle income,Revenu intermédiaire (tranche inf.),2007,62.7,75.0,457.0,5.02,83.9,,48.1,68.1,44.1,1189.0,11770344.0,6.9,1.19
SEN,Senegal,Sub-Saharan Africa,Afrique de l'Ouest,Lower middle income,Revenu intermédiaire (tranche inf.),2008,63.2,70.1,463.0,5.02,84.4,,49.7,69.3,45.2,1399.0,12048959.0,7.1,1.4
SEN,Senegal,Sub-Saharan Africa,Afrique de l'Ouest,Lower middle income,Revenu intermédiaire (tranche inf.),2009,63.8,66.1,441.0,5.03,84.0,48.0,53.5,70.5,46.3,1309.0,12337389.0,7.5,1.31
SEN,Senegal,Sub-Saharan Africa,Afrique de l'Ouest,Lower middle income,Revenu intermédiaire (tranche inf.),2010,64.2,62.8,436.0,5.06,83.9,,56.5,71.7,47.4,1276.0,12635413.0,8.0,1.28
SEN,Senegal,Sub-Saharan Africa,Afrique de l'Ouest,Lower middle income,Revenu intermédiaire (tranche inf.),2011,64.8,60.0,415.0,5.1,86.6,51.8,56.5,72.9,48.5,1375.0,12958897.0,9.8,1.38
SEN,Senegal,Sub-Saharan Africa,Afrique de l'Ouest,Lower middle income,Revenu intermédiaire (tranche inf.),2012,65.2,57.6,405.0,5.13,86.4,,56.5,74.1,49.6,1327.0,13310495.0,10.8,1.33
SEN,Senegal,Sub-Saharan Africa,Afrique de l'Ouest,Lower middle income,Revenu intermédiaire (tranche inf.),2013,65.6,55.5,385.0,5.05,82.7,43.5,57.0,75.3,50.7,1380.0,13710849.0,13.1,1.38
SEN,Senegal,Sub-Saharan Africa,Afrique de l'Ouest,Lower middle income,Revenu intermédiaire (tranche inf.),2014,66.0,53.7,373.0,4.88,83.7,,61.0,76.5,51.8,1399.0,14152102.0,17.7,1.4
SEN,Senegal,Sub-Saharan Africa,Afrique de l'Ouest,Lower middle income,Revenu intermédiaire (tranche inf.),2015,66.5,52.2,357.0,4.75,84.9,43.6,60.5,77.6,52.9,1218.0,14593331.0,21.7,1.22
SEN,Senegal,Sub-Saharan Africa,Afrique de l'Ouest,Lower middle income,Revenu intermédiaire (tranche inf.),2016,66.7,50.8,345.0,4.65,84.5,46.1,64.5,78.8,54.0,1266.0,15034521.0,25.7,1.27
SEN,Senegal,Sub-Saharan Africa,Afrique de l'Ouest,Lower middle income,Revenu intermédiaire (tranche inf.),2017,67.1,49.4,325.0,4.49,84.1,51.9,61.7,80.0,55.1,1355.0,15475002.0,29.6,1.36
SEN,Senegal,Sub-Saharan Africa,Afrique de l'Ouest,Lower middle income,Revenu intermédiaire (tranche inf.),2018,67.4,47.9,305.0,4.29,83.7,46.6,66.0,81.2,56.1,1453.0,15914498.0,35.3,1.45
SEN,Senegal,Sub-Saharan Africa,Afrique de l'Ouest,Lower middle income,Revenu intermédiaire (tranche inf.),2019,67.7,46.2,286.0,4.1,83.3,46.8,70.4,82.3,57.2,1431.0,16352922.0,43.4,1.43
SEN,Senegal,Sub-Saharan Africa,Afrique de l'Ouest,Lower middle income,Revenu intermédiaire (tranche inf.),2020,67.5,44.2,252.0,4.0,84.9,,64.3,83.5,58.3,1461.0,16789219.0,53.3,1.46
SEN,Senegal,Sub-Saharan Africa,Afrique de l'Ouest,Lower middle income,Revenu intermédiaire (tranche inf.),2021,66.9,42.2,263.0,3.94,84.1,,68.0,84.6,59.3,1598.0,17220867.0,55.0,1.6
SEN,Senegal,Sub-Saharan Africa,Afrique de l'Ouest,Lower middle income,Revenu intermédiaire (tranche inf.),2022,67.8,40.1,228.0,3.86,84.3,,67.9,85.8,60.4,1574.0,17651103.0,56.8,1.57
SEN,Senegal,Sub-Saharan Africa,Afrique de l'Ouest,Lower middle income,Revenu intermédiaire (tranche inf.),2023,68.7,38.2,237.0,3.82,85.5,50.4,74.2,86.9,61.5,1698.0,18077573.0,59.2,1.7
SYC,Seychelles,Sub-Saharan Africa,Afrique de l'Est,High income,Revenu élevé,2000,72.8,13.8,45.0,2.08,118.1,,94.1,93.6,95.5,8064.0,81131.0,7.4,8.06
SYC,Seychelles,Sub-Saharan Africa,Afrique de l'Est,High income,Revenu élevé,2001,73.3,13.8,43.0,1.98,115.7,,94.4,93.7,95.7,8153.0,81202.0,11.0,8.15
SYC,Seychelles,Sub-Saharan Africa,Afrique de l'Est,High income,Revenu élevé,2002,71.1,13.7,45.0,2.04,105.4,91.8,96.1,93.9,95.9,8864.0,83723.0,14.3,8.86
SYC,Seychelles,Sub-Saharan Africa,Afrique de l'Est,High income,Revenu élevé,2003,71.0,13.8,47.0,2.06,107.5,,94.9,94.1,96.1,9070.0,82781.0,14.6,9.07
SYC,Seychelles,Sub-Saharan Africa,Afrique de l'Est,High income,Revenu élevé,2004,72.7,13.8,52.0,2.01,106.2,,95.2,94.3,96.3,10828.0,82475.0,24.3,10.83
SYC,Seychelles,Sub-Saharan Africa,Afrique de l'Est,High income,Revenu élevé,2005,72.1,13.8,50.0,2.2,115.6,,95.5,94.4,96.5,11802.0,82858.0,25.4,11.8
SYC,Seychelles,Sub-Saharan Africa,Afrique de l'Est,High income,Revenu élevé,2006,72.2,13.8,51.0,2.11,117.4,,99.0,94.6,96.7,12783.0,84600.0,35.0,12.78
SYC,Seychelles,Sub-Saharan Africa,Afrique de l'Est,High income,Revenu élevé,2007,73.1,13.9,52.0,2.24,125.3,,96.1,94.8,96.9,12669.0,85033.0,38.4,12.67
SYC,Seychelles,Sub-Saharan Africa,Afrique de l'Est,High income,Revenu élevé,2008,73.2,13.9,51.0,2.33,130.7,,96.5,95.0,97.1,11265.0,86956.0,40.4,11.26
SYC,Seychelles,Sub-Saharan Africa,Afrique de l'Est,High income,Revenu élevé,2009,73.1,14.0,51.0,2.38,127.5,,96.8,95.1,97.3,9747.0,87298.0,40.7,9.75
SYC,Seychelles,Sub-Saharan Africa,Afrique de l'Est,High income,Revenu élevé,2010,73.2,14.1,50.0,2.13,111.3,93.9,97.0,95.3,97.5,10935.0,89770.0,41.0,10.94
SYC,Seychelles,Sub-Saharan Africa,Afrique de l'Est,High income,Revenu élevé,2011,72.7,14.2,50.0,2.3,111.6,,98.1,95.5,97.7,12110.0,87441.0,43.2,12.11
SYC,Seychelles,Sub-Saharan Africa,Afrique de l'Est,High income,Revenu élevé,2012,74.3,14.3,49.0,2.32,113.5,,98.3,95.6,97.9,12337.0,88303.0,47.1,12.34
SYC,Seychelles,Sub-Saharan Africa,Afrique de l'Est,High income,Revenu élevé,2013,73.1,14.4,48.0,2.21,113.4,,98.0,95.8,98.1,14821.0,89949.0,50.4,14.82
SYC,Seychelles,Sub-Saharan Africa,Afrique de l'Est,High income,Revenu élevé,2014,73.2,14.5,46.0,2.19,118.3,,100.0,96.0,98.3,15188.0,91359.0,51.3,15.19
SYC,Seychelles,Sub-Saharan Africa,Afrique de l'Est,High income,Revenu élevé,2015,74.3,14.6,46.0,2.26,119.9,,100.0,96.2,98.5,15333.0,93419.0,54.3,15.33
SYC,Seychelles,Sub-Saharan Africa,Afrique de l'Est,High income,Revenu élevé,2016,74.3,14.7,47.0,2.33,126.2,,100.0,96.2,98.6,16567.0,94677.0,56.5,16.57
SYC,Seychelles,Sub-Saharan Africa,Afrique de l'Est,High income,Revenu élevé,2017,74.3,14.7,47.0,2.34,132.2,,100.0,96.2,98.8,17480.0,95843.0,62.6,17.48
SYC,Seychelles,Sub-Saharan Africa,Afrique de l'Est,High income,Revenu élevé,2018,72.8,14.8,49.0,2.34,123.7,,100.0,96.2,98.9,18440.0,96762.0,69.2,18.44
SYC,Seychelles,Sub-Saharan Africa,Afrique de l'Est,High income,Revenu élevé,2019,74.0,14.8,48.0,2.31,119.3,,100.0,96.9,98.9,19142.0,97625.0,76.6,19.14
SYC,Seychelles,Sub-Saharan Africa,Afrique de l'Est,High income,Revenu élevé,2020,77.2,14.8,51.0,2.2,114.2,,100.0,97.0,98.9,14041.0,98462.0,79.3,14.04
SYC,Seychelles,Sub-Saharan Africa,Afrique de l'Est,High income,Revenu élevé,2021,73.4,14.7,74.0,2.38,109.6,,100.0,97.2,98.9,14983.0,99258.0,82.0,14.98
SYC,Seychelles,Sub-Saharan Africa,Afrique de l'Est,High income,Revenu élevé,2022,74.5,14.5,89.0,2.2,97.8,,100.0,97.4,99.7,16683.0,119878.0,84.8,16.68
SYC,Seychelles,Sub-Saharan Africa,Afrique de l'Est,High income,Revenu élevé,2023,75.4,14.3,42.0,2.18,97.1,,100.0,97.6,99.7,18131.0,119773.0,86.0,18.13
SLE,Sierra Leone,Sub-Saharan Africa,Afrique de l'Ouest,Low income,Revenu faible,2000,44.8,222.8,1603.0,6.36,63.3,,7.7,40.9,7.7,144.0,4423611.0,0.1,0.14
SLE,Sierra Leone,Sub-Saharan Africa,Afrique de l'Ouest,Low income,Revenu faible,2001,45.4,217.3,1518.0,6.3,75.6,,8.5,41.2,7.9,358.0,4692716.0,0.2,0.36
SLE,Sierra Leone,Sub-Saharan Africa,Afrique de l'Ouest,Low income,Revenu faible,2002,46.2,211.6,1492.0,6.23,79.5,,9.2,42.4,8.2,389.0,4971435.0,0.2,0.39
SLE,Sierra Leone,Sub-Saharan Africa,Afrique de l'Ouest,Low income,Revenu faible,2003,46.8,205.7,1433.0,6.09,83.4,,9.9,43.5,8.4,414.0,5177687.0,0.2,0.41
SLE,Sierra Leone,Sub-Saharan Africa,Afrique de l'Ouest,Low income,Revenu faible,2004,47.5,199.6,1366.0,5.92,87.3,34.8,16.8,44.6,8.9,418.0,5355717.0,0.2,0.42
SLE,Sierra Leone,Sub-Saharan Africa,Afrique de l'Ouest,Low income,Revenu faible,2005,48.3,193.2,1294.0,5.81,91.2,,11.3,45.8,9.5,463.0,5501712.0,0.2,0.46
SLE,Sierra Leone,Sub-Saharan Africa,Afrique de l'Ouest,Low income,Revenu faible,2006,49.5,186.5,1168.0,5.74,95.1,,12.2,47.0,10.2,580.0,5624466.0,0.2,0.58
SLE,Sierra Leone,Sub-Saharan Africa,Afrique de l'Ouest,Low income,Revenu faible,2007,50.0,179.6,1132.0,5.64,99.0,,13.0,48.2,10.8,632.0,5749352.0,0.2,0.63
SLE,Sierra Leone,Sub-Saharan Africa,Afrique de l'Ouest,Low income,Revenu faible,2008,50.7,172.4,1093.0,5.56,102.9,,12.1,49.3,11.5,705.0,5894722.0,0.2,0.7
SLE,Sierra Leone,Sub-Saharan Africa,Afrique de l'Ouest,Low income,Revenu faible,2009,51.3,165.2,1054.0,5.45,106.8,,14.6,50.5,12.1,653.0,6055646.0,0.3,0.65
SLE,Sierra Leone,Sub-Saharan Africa,Afrique de l'Ouest,Low income,Revenu faible,2010,51.9,157.9,1018.0,5.33,110.7,,11.5,51.7,12.8,685.0,6222714.0,0.6,0.68
SLE,Sierra Leone,Sub-Saharan Africa,Afrique de l'Ouest,Low income,Revenu faible,2011,52.6,150.8,967.0,5.21,114.6,,14.2,52.9,13.6,761.0,6387251.0,0.9,0.76
SLE,Sierra Leone,Sub-Saharan Africa,Afrique de l'Ouest,Low income,Revenu faible,2012,53.2,144.1,915.0,5.06,117.7,,17.2,54.1,14.3,938.0,6551080.0,2.5,0.94
SLE,Sierra Leone,Sub-Saharan Africa,Afrique de l'Ouest,Low income,Revenu faible,2013,54.1,137.9,842.0,4.87,119.8,,13.5,55.2,15.1,1117.0,6714051.0,4.0,1.12
SLE,Sierra Leone,Sub-Saharan Africa,Afrique de l'Ouest,Low income,Revenu faible,2014,54.3,135.9,821.0,4.7,120.2,44.4,18.8,56.4,15.9,1118.0,6876385.0,6.1,1.12
SLE,Sierra Leone,Sub-Saharan Africa,Afrique de l'Ouest,Low income,Revenu faible,2015,55.5,136.8,730.0,4.55,120.7,49.4,19.7,57.6,16.7,965.0,7037655.0,6.3,0.96
SLE,Sierra Leone,Sub-Saharan Africa,Afrique de l'Ouest,Low income,Revenu faible,2016,56.9,121.8,633.0,4.47,123.0,,20.3,58.7,17.5,844.0,7205328.0,7.7,0.84
SLE,Sierra Leone,Sub-Saharan Africa,Afrique de l'Ouest,Low income,Revenu faible,2017,57.8,117.0,578.0,4.39,126.9,44.8,23.4,59.9,18.3,779.0,7379299.0,9.3,0.78
SLE,Sierra Leone,Sub-Saharan Africa,Afrique de l'Ouest,Low income,Revenu faible,2018,59.1,112.4,491.0,4.29,114.6,48.8,26.1,61.1,19.2,846.0,7554563.0,14.4,0.85
SLE,Sierra Leone,Sub-Saharan Africa,Afrique de l'Ouest,Low income,Revenu faible,2019,59.6,108.3,464.0,4.19,145.6,43.6,22.7,62.2,20.1,844.0,7731991.0,15.7,0.84
SLE,Sierra Leone,Sub-Saharan Africa,Afrique de l'Ouest,Low income,Revenu faible,2020,59.7,104.4,422.0,4.08,142.8,,26.3,63.4,21.0,845.0,7912558.0,17.1,0.84
SLE,Sierra Leone,Sub-Saharan Africa,Afrique de l'Ouest,Low income,Revenu faible,2021,60.3,100.6,403.0,3.98,157.7,,27.5,64.6,22.0,885.0,8094602.0,18.7,0.88
SLE,Sierra Leone,Sub-Saharan Africa,Afrique de l'Ouest,Low income,Revenu faible,2022,61.3,97.1,370.0,3.88,163.2,,29.4,65.7,22.9,860.0,8276807.0,21.5,0.86
SLE,Sierra Leone,Sub-Saharan Africa,Afrique de l'Ouest,Low income,Revenu faible,2023,61.8,93.8,354.0,3.79,159.4,,35.5,66.9,23.9,758.0,8460512.0,23.7,0.76
SOM,"Somalia, Fed. Rep.",Sub-Saharan Africa,Afrique de l'Est,Low income,Revenu faible,2000,50.7,173.2,1150.0,7.64,22.8,,2.1,26.6,20.2,386.0,8838713.0,0.0,0.39
SOM,"Somalia, Fed. Rep.",Sub-Saharan Africa,Afrique de l'Est,Low income,Revenu faible,2001,50.8,173.2,1129.0,7.64,22.8,,4.7,27.7,21.0,245.0,9198493.0,0.1,0.24
SOM,"Somalia, Fed. Rep.",Sub-Saharan Africa,Afrique de l'Est,Low income,Revenu faible,2002,50.8,173.2,1121.0,7.63,22.8,,7.4,28.9,21.7,230.0,9550063.0,0.1,0.23
SOM,"Somalia, Fed. Rep.",Sub-Saharan Africa,Afrique de l'Est,Low income,Revenu faible,2003,50.7,173.2,1111.0,7.6,22.8,,9.8,30.2,22.7,286.0,9909157.0,0.4,0.29
SOM,"Somalia, Fed. Rep.",Sub-Saharan Africa,Afrique de l'Est,Low income,Revenu faible,2004,50.7,173.2,1104.0,7.57,22.8,,12.4,31.6,23.6,375.0,10280998.0,1.1,0.38
SOM,"Somalia, Fed. Rep.",Sub-Saharan Africa,Afrique de l'Est,Low income,Revenu faible,2005,50.9,173.2,1086.0,7.53,22.8,,15.0,33.4,24.6,440.0,10644228.0,1.1,0.44
SOM,"Somalia, Fed. Rep.",Sub-Saharan Africa,Afrique de l'Est,Low income,Revenu faible,2006,50.9,172.6,1085.0,7.49,22.8,,15.2,35.3,25.7,458.0,10975502.0,1.1,0.46
SOM,"Somalia, Fed. Rep.",Sub-Saharan Africa,Afrique de l'Est,Low income,Revenu faible,2007,50.9,170.5,1074.0,7.46,22.8,,20.2,35.5,25.5,480.0,11322582.0,1.1,0.48
SOM,"Somalia, Fed. Rep.",Sub-Saharan Africa,Afrique de l'Est,Low income,Revenu faible,2008,51.5,166.7,1035.0,7.42,22.7,,22.9,38.0,26.9,507.0,11663084.0,1.1,0.51
SOM,"Somalia, Fed. Rep.",Sub-Saharan Africa,Afrique de l'Est,Low income,Revenu faible,2009,52.1,162.4,995.0,7.38,22.6,,25.5,40.5,28.3,247.0,11961201.0,1.2,0.25
SOM,"Somalia, Fed. Rep.",Sub-Saharan Africa,Afrique de l'Est,Low income,Revenu faible,2010,48.9,186.7,1062.0,7.32,22.4,,52.3,43.0,29.7,219.0,12261756.0,1.2,0.22
SOM,"Somalia, Fed. Rep.",Sub-Saharan Africa,Afrique de l'Est,Low income,Revenu faible,2011,32.5,363.1,972.0,7.27,22.3,,52.0,45.5,31.0,235.0,12348830.0,1.2,0.24
SOM,"Somalia, Fed. Rep.",Sub-Saharan Africa,Afrique de l'Est,Low income,Revenu faible,2012,49.1,185.4,894.0,7.21,22.2,,51.8,47.6,32.0,350.0,12461160.0,1.4,0.35
SOM,"Somalia, Fed. Rep.",Sub-Saharan Africa,Afrique de l'Est,Low income,Revenu faible,2013,54.0,143.2,855.0,7.14,22.1,,51.5,49.7,33.1,393.0,12869594.0,1.5,0.39
SOM,"Somalia, Fed. Rep.",Sub-Saharan Africa,Afrique de l'Est,Low income,Revenu faible,2014,54.4,138.6,816.0,7.06,22.0,,51.4,51.9,34.1,429.0,13339491.0,1.6,0.43
SOM,"Somalia, Fed. Rep.",Sub-Saharan Africa,Afrique de l'Est,Low income,Revenu faible,2015,55.1,134.3,784.0,6.98,21.9,,51.2,54.1,35.1,446.0,13806963.0,1.8,0.45
SOM,"Somalia, Fed. Rep.",Sub-Saharan Africa,Afrique de l'Est,Low income,Revenu faible,2016,55.3,130.2,754.0,6.88,21.7,,51.1,56.3,36.1,461.0,14348740.0,1.9,0.46
SOM,"Somalia, Fed. Rep.",Sub-Saharan Africa,Afrique de l'Est,Low income,Revenu faible,2017,52.2,156.4,716.0,6.77,21.6,,52.1,58.6,37.2,511.0,14916629.0,2.2,0.51
SOM,"Somalia, Fed. Rep.",Sub-Saharan Africa,Afrique de l'Est,Low income,Revenu faible,2018,54.8,136.4,727.0,6.66,21.5,,50.7,60.9,38.2,509.0,15452487.0,2.4,0.51
SOM,"Somalia, Fed. Rep.",Sub-Saharan Africa,Afrique de l'Est,Low income,Revenu faible,2019,57.2,118.4,656.0,6.56,21.4,63.7,49.2,63.2,39.2,540.0,16030971.0,2.7,0.54
SOM,"Somalia, Fed. Rep.",Sub-Saharan Africa,Afrique de l'Est,Low income,Revenu faible,2020,57.1,114.7,655.0,6.45,21.3,,49.9,65.6,40.3,518.0,16651191.0,15.0,0.52
SOM,"Somalia, Fed. Rep.",Sub-Saharan Africa,Afrique de l'Est,Low income,Revenu faible,2021,55.7,111.0,726.0,6.35,21.1,,49.3,68.0,41.3,549.0,17271431.0,23.9,0.55
SOM,"Somalia, Fed. Rep.",Sub-Saharan Africa,Afrique de l'Est,Low income,Revenu faible,2022,53.9,143.1,622.0,6.26,21.0,54.1,48.9,70.4,42.4,573.0,17801897.0,27.6,0.57
SOM,"Somalia, Fed. Rep.",Sub-Saharan Africa,Afrique de l'Est,Low income,Revenu faible,2023,58.8,104.3,563.0,6.13,20.9,,50.3,72.8,43.4,597.0,18358615.0,26.1,0.6
ZAF,South Africa,Sub-Saharan Africa,Afrique australe,Upper middle income,Revenu intermédiaire (tranche sup.),2000,58.4,71.4,175.0,2.41,92.6,,72.4,86.0,60.5,3218.0,47159719.0,5.3,3.22
ZAF,South Africa,Sub-Saharan Africa,Afrique australe,Upper middle income,Revenu intermédiaire (tranche sup.),2001,57.2,74.5,192.0,2.37,93.4,,70.2,86.5,61.3,2847.0,47566800.0,6.3,2.85
ZAF,South Africa,Sub-Saharan Africa,Afrique australe,Upper middle income,Revenu intermédiaire (tranche sup.),2002,55.6,77.0,225.0,2.32,95.7,,76.7,87.0,62.1,2688.0,48019415.0,6.7,2.69
ZAF,South Africa,Sub-Saharan Africa,Afrique australe,Upper middle income,Revenu intermédiaire (tranche sup.),2003,54.2,79.2,245.0,2.36,96.9,,78.8,87.5,62.8,4062.0,48500348.0,7.0,4.06
ZAF,South Africa,Sub-Saharan Africa,Afrique australe,Upper middle income,Revenu intermédiaire (tranche sup.),2004,54.0,80.7,259.0,2.44,97.8,,80.6,88.0,63.6,5221.0,48991421.0,8.4,5.22
ZAF,South Africa,Sub-Saharan Africa,Afrique australe,Upper middle income,Revenu intermédiaire (tranche sup.),2005,53.9,79.8,279.0,2.51,97.5,,80.8,88.5,64.4,5837.0,49490033.0,7.5,5.84
ZAF,South Africa,Sub-Saharan Africa,Afrique australe,Upper middle income,Revenu intermédiaire (tranche sup.),2006,54.2,76.9,283.0,2.55,98.6,,80.7,89.0,65.2,6077.0,49998277.0,7.6,6.08
ZAF,South Africa,Sub-Saharan Africa,Afrique australe,Upper middle income,Revenu intermédiaire (tranche sup.),2007,54.9,71.2,272.0,2.54,101.2,88.7,82.0,89.4,65.9,6592.0,50528584.0,8.1,6.59
ZAF,South Africa,Sub-Saharan Africa,Afrique australe,Upper middle income,Revenu intermédiaire (tranche sup.),2008,56.0,63.7,272.0,2.68,102.4,,81.9,89.9,66.7,6185.0,51114599.0,8.4,6.18
ZAF,South Africa,Sub-Saharan Africa,Afrique australe,Upper middle income,Revenu intermédiaire (tranche sup.),2009,57.4,56.9,241.0,2.5,102.6,92.9,82.6,90.3,67.4,6375.0,51728516.0,10.0,6.38
ZAF,South Africa,Sub-Saharan Africa,Afrique australe,Upper middle income,Revenu intermédiaire (tranche sup.),2010,58.9,50.3,226.0,2.44,103.4,92.9,82.8,90.8,68.1,7973.0,52344051.0,24.0,7.97
ZAF,South Africa,Sub-Saharan Africa,Afrique australe,Upper middle income,Revenu intermédiaire (tranche sup.),2011,60.6,45.6,202.0,2.44,104.0,93.1,83.6,91.2,68.8,8646.0,52995205.0,34.0,8.65
ZAF,South Africa,Sub-Saharan Africa,Afrique australe,Upper middle income,Revenu intermédiaire (tranche sup.),2012,61.7,43.1,194.0,2.45,104.7,93.7,85.2,91.7,69.5,8077.0,53782567.0,41.0,8.08
ZAF,South Africa,Sub-Saharan Africa,Afrique australe,Upper middle income,Revenu intermédiaire (tranche sup.),2013,62.4,41.4,180.0,2.43,104.1,,85.2,92.1,70.2,7332.0,54678791.0,46.5,7.33
ZAF,South Africa,Sub-Saharan Africa,Afrique australe,Upper middle income,Revenu intermédiaire (tranche sup.),2014,63.2,39.7,162.0,2.42,104.2,94.1,85.9,92.5,70.9,6857.0,55594838.0,49.0,6.86
ZAF,South Africa,Sub-Saharan Africa,Afrique australe,Upper middle income,Revenu intermédiaire (tranche sup.),2015,64.1,38.2,150.0,2.36,107.3,94.4,85.3,92.3,71.6,6112.0,56723537.0,51.9,6.11
ZAF,South Africa,Sub-Saharan Africa,Afrique australe,Upper middle income,Revenu intermédiaire (tranche sup.),2016,64.7,36.8,141.0,2.26,103.4,91.7,83.9,92.1,72.3,5651.0,57259551.0,54.0,5.65
ZAF,South Africa,Sub-Saharan Africa,Afrique australe,Upper middle income,Revenu intermédiaire (tranche sup.),2017,65.4,35.7,134.0,2.28,101.6,,84.4,91.8,73.0,6618.0,57635162.0,56.2,6.62
ZAF,South Africa,Sub-Saharan Africa,Afrique australe,Upper middle income,Revenu intermédiaire (tranche sup.),2018,65.7,34.9,128.0,2.27,100.4,,84.7,91.6,73.6,6914.0,58613001.0,62.4,6.91
ZAF,South Africa,Sub-Saharan Africa,Afrique australe,Upper middle income,Revenu intermédiaire (tranche sup.),2019,66.1,34.3,119.0,2.26,101.1,95.0,85.0,91.4,74.3,6534.0,59587885.0,69.7,6.53
ZAF,South Africa,Sub-Saharan Africa,Afrique australe,Upper middle income,Revenu intermédiaire (tranche sup.),2020,65.2,33.9,118.0,2.26,101.3,,90.0,91.2,74.9,5581.0,60562381.0,72.1,5.58
ZAF,South Africa,Sub-Saharan Africa,Afrique australe,Upper middle income,Revenu intermédiaire (tranche sup.),2021,62.0,34.0,191.0,2.25,101.7,90.0,89.3,90.9,75.5,6829.0,61502603.0,75.0,6.83
ZAF,South Africa,Sub-Saharan Africa,Afrique australe,Upper middle income,Revenu intermédiaire (tranche sup.),2022,65.5,34.3,129.0,2.23,102.4,,86.5,90.7,76.2,6534.0,62378410.0,78.3,6.53
ZAF,South Africa,Sub-Saharan Africa,Afrique australe,Upper middle income,Revenu intermédiaire (tranche sup.),2023,66.1,34.8,118.0,2.22,101.8,,87.7,90.4,76.8,6034.0,63212384.0,78.3,6.03
SSD,South Sudan,Sub-Saharan Africa,Afrique de l'Est,Low income,Revenu faible,2000,47.6,180.1,1658.0,6.8,90.4,,0.8,40.3,7.0,1654.0,6032267.0,1.5,1.65
SSD,South Sudan,Sub-Saharan Africa,Afrique de l'Est,Low income,Revenu faible,2001,48.6,171.1,1580.0,6.65,90.4,,0.8,40.3,7.0,1654.0,6308391.0,1.5,1.65
SSD,South Sudan,Sub-Saharan Africa,Afrique de l'Est,Low income,Revenu faible,2002,49.4,162.2,1521.0,6.52,90.4,,0.8,40.3,7.0,1654.0,6596806.0,1.5,1.65
SSD,South Sudan,Sub-Saharan Africa,Afrique de l'Est,Low income,Revenu faible,2003,52.3,153.7,1199.0,6.35,90.4,,0.8,40.3,7.0,1654.0,6903127.0,1.5,1.65
SSD,South Sudan,Sub-Saharan Africa,Afrique de l'Est,Low income,Revenu faible,2004,53.1,145.8,1150.0,6.19,90.4,,0.8,40.3,7.0,1654.0,7233041.0,1.5,1.65
SSD,South Sudan,Sub-Saharan Africa,Afrique de l'Est,Low income,Revenu faible,2005,54.0,138.4,1074.0,6.02,90.4,,0.8,40.3,7.0,1654.0,7590143.0,1.5,1.65
SSD,South Sudan,Sub-Saharan Africa,Afrique de l'Est,Low income,Revenu faible,2006,54.7,131.5,1005.0,5.85,90.4,,0.8,40.3,7.0,1654.0,7976526.0,1.5,1.65
SSD,South Sudan,Sub-Saharan Africa,Afrique de l'Est,Low income,Revenu faible,2007,55.4,124.9,933.0,5.7,90.4,,0.8,40.3,7.0,1654.0,8388788.0,1.5,1.65
SSD,South Sudan,Sub-Saharan Africa,Afrique de l'Est,Low income,Revenu faible,2008,56.3,118.7,858.0,5.57,90.4,26.8,1.3,40.3,7.0,1654.0,8817647.0,1.5,1.65
SSD,South Sudan,Sub-Saharan Africa,Afrique de l'Est,Low income,Revenu faible,2009,56.8,112.7,823.0,5.45,90.4,,3.0,40.3,7.0,1323.0,9243556.0,1.5,1.32
SSD,South Sudan,Sub-Saharan Africa,Afrique de l'Est,Low income,Revenu faible,2010,57.5,107.2,776.0,5.32,90.4,,1.5,40.3,7.0,1498.0,9745953.0,1.5,1.5
SSD,South Sudan,Sub-Saharan Africa,Afrique de l'Est,Low income,Revenu faible,2011,57.7,102.3,770.0,5.19,90.4,,2.8,40.3,7.0,1449.0,10288109.0,1.5,1.45
SSD,South Sudan,Sub-Saharan Africa,Afrique de l'Est,Low income,Revenu faible,2012,58.2,98.9,755.0,5.06,85.4,,3.3,40.3,7.6,1109.0,10756240.0,1.5,1.11
SSD,South Sudan,Sub-Saharan Africa,Afrique de l'Est,Low income,Revenu faible,2013,58.3,97.2,771.0,4.94,80.4,,3.8,40.3,8.2,1650.0,11166275.0,2.2,1.65
SSD,South Sudan,Sub-Saharan Africa,Afrique de l'Est,Low income,Revenu faible,2014,45.6,182.6,1216.0,4.82,75.3,,4.3,40.3,8.8,1243.0,11235073.0,2.6,1.24
SSD,South Sudan,Sub-Saharan Africa,Afrique de l'Est,Low income,Revenu faible,2015,39.8,240.8,1436.0,4.7,70.3,,4.8,40.3,9.5,1080.0,11107561.0,3.0,1.08
SSD,South Sudan,Sub-Saharan Africa,Afrique de l'Est,Low income,Revenu faible,2016,36.7,272.9,1629.0,4.58,70.3,,5.3,40.2,10.2,1080.0,10830102.0,3.5,1.08
SSD,South Sudan,Sub-Saharan Africa,Afrique de l'Est,Low income,Revenu faible,2017,35.4,292.0,1662.0,4.48,70.3,,4.2,40.1,11.0,1080.0,10259154.0,4.1,1.08
SSD,South Sudan,Sub-Saharan Africa,Afrique de l'Est,Low income,Revenu faible,2018,51.9,133.7,913.0,4.37,70.3,,6.3,40.0,11.7,1080.0,10122977.0,4.8,1.08
SSD,South Sudan,Sub-Saharan Africa,Afrique de l'Est,Low income,Revenu faible,2019,58.1,96.7,745.0,4.26,70.3,,6.8,39.9,12.5,1080.0,10423384.0,6.7,1.08
SSD,South Sudan,Sub-Saharan Africa,Afrique de l'Est,Low income,Revenu faible,2020,57.6,96.7,729.0,4.16,70.3,,7.3,39.8,13.1,1080.0,10698467.0,6.7,1.08
SSD,South Sudan,Sub-Saharan Africa,Afrique de l'Est,Low income,Revenu faible,2021,57.0,96.7,749.0,4.05,70.3,,7.7,39.7,13.6,1080.0,10865780.0,6.7,1.08
SSD,South Sudan,Sub-Saharan Africa,Afrique de l'Est,Low income,Revenu faible,2022,57.2,96.7,704.0,3.96,70.3,,8.4,39.5,14.2,1080.0,11021177.0,6.7,1.08
SSD,South Sudan,Sub-Saharan Africa,Afrique de l'Est,Low income,Revenu faible,2023,57.6,96.7,692.0,3.86,70.3,,5.4,39.6,14.3,1080.0,11483374.0,6.7,1.08
SDN,Sudan,Sub-Saharan Africa,Afrique du Nord,Low income,Revenu faible,2000,58.9,102.0,645.0,5.6,54.9,61.3,23.0,45.7,17.4,362.0,27816745.0,0.0,0.36
SDN,Sudan,Sub-Saharan Africa,Afrique du Nord,Low income,Revenu faible,2001,59.3,98.6,616.0,5.56,54.9,,29.4,45.8,17.4,451.0,28516770.0,0.1,0.45
SDN,Sudan,Sub-Saharan Africa,Afrique du Nord,Low income,Revenu faible,2002,59.3,95.2,588.0,5.53,55.2,,29.7,45.8,17.4,506.0,29228727.0,0.4,0.51
SDN,Sudan,Sub-Saharan Africa,Afrique du Nord,Low income,Revenu faible,2003,58.3,91.9,593.0,5.49,56.5,,29.9,45.8,17.4,580.0,29896035.0,0.5,0.58
SDN,Sudan,Sub-Saharan Africa,Afrique du Nord,Low income,Revenu faible,2004,56.8,101.1,536.0,5.46,58.1,,30.2,45.8,17.4,705.0,30556637.0,0.8,0.7
SDN,Sudan,Sub-Saharan Africa,Afrique du Nord,Low income,Revenu faible,2005,57.2,98.8,506.0,5.4,59.4,,30.5,46.7,19.1,906.0,31262444.0,3.4,0.91
SDN,Sudan,Sub-Saharan Africa,Afrique du Nord,Low income,Revenu faible,2006,60.4,83.0,485.0,5.33,63.8,,30.8,47.7,20.8,1132.0,31992435.0,6.0,1.13
SDN,Sudan,Sub-Saharan Africa,Afrique du Nord,Low income,Revenu faible,2007,61.4,80.4,445.0,5.27,63.5,,31.1,48.6,22.8,1444.0,32764135.0,8.7,1.44
SDN,Sudan,Sub-Saharan Africa,Afrique du Nord,Low income,Revenu faible,2008,61.3,77.9,426.0,5.21,68.9,53.5,20.0,49.6,24.9,1528.0,33623980.0,9.1,1.53
SDN,Sudan,Sub-Saharan Africa,Afrique du Nord,Low income,Revenu faible,2009,62.7,75.5,382.0,5.17,68.2,,29.0,50.5,27.0,1178.0,34569113.0,9.5,1.18
SDN,Sudan,Sub-Saharan Africa,Afrique du Nord,Low income,Revenu faible,2010,63.0,73.4,370.0,5.14,67.3,,36.0,51.5,29.2,1306.0,35414399.0,9.9,1.31
SDN,Sudan,Sub-Saharan Africa,Afrique du Nord,Low income,Revenu faible,2011,63.2,71.3,357.0,5.09,65.0,,38.3,52.4,31.4,1333.0,36140806.0,10.3,1.33
SDN,Sudan,Sub-Saharan Africa,Afrique du Nord,Low income,Revenu faible,2012,63.4,69.3,340.0,5.03,66.1,,40.7,53.4,33.7,1019.0,36923178.0,10.7,1.02
SDN,Sudan,Sub-Saharan Africa,Afrique du Nord,Low income,Revenu faible,2013,63.4,67.3,327.0,4.96,67.0,,43.1,54.3,36.0,1139.0,37785849.0,11.2,1.14
SDN,Sudan,Sub-Saharan Africa,Afrique du Nord,Low income,Revenu faible,2014,64.0,65.4,309.0,4.91,67.1,,44.9,55.3,38.4,1275.0,38823318.0,11.6,1.27
SDN,Sudan,Sub-Saharan Africa,Afrique du Nord,Low income,Revenu faible,2015,64.4,63.5,298.0,4.9,67.7,,48.0,56.3,40.9,1292.0,40024431.0,12.0,1.29
SDN,Sudan,Sub-Saharan Africa,Afrique du Nord,Low income,Revenu faible,2016,64.7,61.6,288.0,4.83,69.9,,50.5,57.2,43.4,1033.0,41259892.0,14.1,1.03
SDN,Sudan,Sub-Saharan Africa,Afrique du Nord,Low income,Revenu faible,2017,65.1,59.7,277.0,4.76,70.4,,53.0,58.2,46.0,967.0,42714306.0,18.6,0.97
SDN,Sudan,Sub-Saharan Africa,Afrique du Nord,Low income,Revenu faible,2018,65.5,57.8,268.0,4.68,72.0,,55.3,59.2,48.7,731.0,44230596.0,18.6,0.73
SDN,Sudan,Sub-Saharan Africa,Afrique du Nord,Low income,Revenu faible,2019,65.8,56.1,262.0,4.62,72.4,,57.6,60.1,51.4,710.0,45548175.0,18.6,0.71
SDN,Sudan,Sub-Saharan Africa,Afrique du Nord,Low income,Revenu faible,2020,65.1,54.3,273.0,4.54,72.4,,59.7,61.1,54.1,578.0,46789231.0,18.6,0.58
SDN,Sudan,Sub-Saharan Africa,Afrique du Nord,Low income,Revenu faible,2021,64.5,52.7,305.0,4.46,72.4,,61.8,62.1,56.9,712.0,48066924.0,18.6,0.71
SDN,Sudan,Sub-Saharan Africa,Afrique du Nord,Low income,Revenu faible,2022,65.7,51.0,263.0,4.38,72.4,,63.2,63.0,59.8,1046.0,49383346.0,18.6,1.05
SDN,Sudan,Sub-Saharan Africa,Afrique du Nord,Low income,Revenu faible,2023,66.3,63.1,256.0,4.32,72.4,,66.0,64.0,62.7,797.0,50042791.0,18.6,0.8
STP,São Tomé and Principe,Sub-Saharan Africa,Afrique centrale,Lower middle income,Revenu intermédiaire (tranche inf.),2000,61.2,82.2,180.0,5.16,120.2,,52.9,69.2,20.8,529.0,144018.0,4.6,0.53
STP,São Tomé and Principe,Sub-Saharan Africa,Afrique centrale,Lower middle income,Revenu intermédiaire (tranche inf.),2001,61.5,76.7,178.0,5.1,120.2,84.9,51.5,69.6,21.9,519.0,146375.0,6.3,0.52
STP,São Tomé and Principe,Sub-Saharan Africa,Afrique centrale,Lower middle income,Revenu intermédiaire (tranche inf.),2002,61.8,71.1,179.0,5.06,120.2,,52.5,70.1,23.1,568.0,149922.0,7.6,0.57
STP,São Tomé and Principe,Sub-Saharan Africa,Afrique centrale,Lower middle income,Revenu intermédiaire (tranche inf.),2003,62.2,65.7,178.0,5.01,122.3,,53.6,70.6,24.3,664.0,153814.0,10.2,0.66
STP,São Tomé and Principe,Sub-Saharan Africa,Afrique centrale,Lower middle income,Revenu intermédiaire (tranche inf.),2004,62.6,60.5,177.0,4.96,123.6,,54.7,71.1,25.5,727.0,157705.0,13.3,0.73
STP,São Tomé and Principe,Sub-Saharan Africa,Afrique centrale,Lower middle income,Revenu intermédiaire (tranche inf.),2005,62.4,55.7,181.0,4.94,125.5,,55.8,71.5,26.9,844.0,161639.0,13.8,0.84
STP,São Tomé and Principe,Sub-Saharan Africa,Afrique centrale,Lower middle income,Revenu intermédiaire (tranche inf.),2006,63.0,51.1,177.0,4.93,124.1,,56.9,71.9,28.2,862.0,165638.0,14.2,0.86
STP,São Tomé and Principe,Sub-Saharan Africa,Afrique centrale,Lower middle income,Revenu intermédiaire (tranche inf.),2007,63.3,46.9,174.0,4.96,122.6,,58.0,72.4,29.5,879.0,169700.0,14.6,0.88
STP,São Tomé and Principe,Sub-Saharan Africa,Afrique centrale,Lower middle income,Revenu intermédiaire (tranche inf.),2008,63.4,43.1,174.0,4.91,122.4,,59.1,72.8,30.9,1082.0,173793.0,15.5,1.08
STP,São Tomé and Principe,Sub-Saharan Africa,Afrique centrale,Lower middle income,Revenu intermédiaire (tranche inf.),2009,63.7,39.5,172.0,4.84,122.3,,56.9,73.2,32.2,1128.0,177853.0,16.4,1.13
STP,São Tomé and Principe,Sub-Saharan Africa,Afrique centrale,Lower middle income,Revenu intermédiaire (tranche inf.),2010,63.9,36.2,170.0,4.77,119.3,,61.4,73.6,33.6,1045.0,181802.0,18.8,1.04
STP,São Tomé and Principe,Sub-Saharan Africa,Afrique centrale,Lower middle income,Revenu intermédiaire (tranche inf.),2011,64.1,33.2,164.0,4.72,119.3,,62.6,73.9,34.9,1220.0,185649.0,20.2,1.22
STP,São Tomé and Principe,Sub-Saharan Africa,Afrique centrale,Lower middle income,Revenu intermédiaire (tranche inf.),2012,64.5,30.4,158.0,4.66,111.3,90.1,57.9,74.3,36.3,1211.0,189439.0,21.6,1.21
STP,São Tomé and Principe,Sub-Saharan Africa,Afrique centrale,Lower middle income,Revenu intermédiaire (tranche inf.),2013,64.9,27.9,150.0,4.58,110.6,,65.0,74.7,37.6,1383.0,193148.0,23.0,1.38
STP,São Tomé and Principe,Sub-Saharan Africa,Afrique centrale,Lower middle income,Revenu intermédiaire (tranche inf.),2014,65.5,25.5,138.0,4.49,106.9,,68.6,75.0,39.0,1490.0,196767.0,24.4,1.49
STP,São Tomé and Principe,Sub-Saharan Africa,Afrique centrale,Lower middle income,Revenu intermédiaire (tranche inf.),2015,66.0,23.3,128.0,4.35,107.8,,67.3,75.4,40.3,1298.0,200291.0,25.8,1.3
STP,São Tomé and Principe,Sub-Saharan Africa,Afrique centrale,Lower middle income,Revenu intermédiaire (tranche inf.),2016,66.6,21.3,119.0,4.2,108.7,,69.4,75.7,41.7,1435.0,203689.0,28.0,1.44
STP,São Tomé and Principe,Sub-Saharan Africa,Afrique centrale,Lower middle income,Revenu intermédiaire (tranche inf.),2017,67.1,19.6,110.0,4.07,110.4,,74.3,76.0,43.1,1556.0,206970.0,32.6,1.56
STP,São Tomé and Principe,Sub-Saharan Africa,Afrique centrale,Lower middle income,Revenu intermédiaire (tranche inf.),2018,67.6,18.2,100.0,3.98,110.4,,71.0,76.3,44.4,1826.0,210187.0,38.0,1.83
STP,São Tomé and Principe,Sub-Saharan Africa,Afrique centrale,Lower middle income,Revenu intermédiaire (tranche inf.),2019,68.0,17.1,95.0,3.9,110.4,87.4,75.1,76.6,45.8,1935.0,213392.0,44.3,1.94
STP,São Tomé and Principe,Sub-Saharan Africa,Afrique centrale,Lower middle income,Revenu intermédiaire (tranche inf.),2020,68.0,16.1,92.0,3.83,110.4,,76.8,76.8,47.1,2167.0,217435.0,51.6,2.17
STP,São Tomé and Principe,Sub-Saharan Africa,Afrique centrale,Lower middle income,Revenu intermédiaire (tranche inf.),2021,68.0,15.3,98.0,3.76,110.4,,78.5,77.1,48.5,2363.0,221961.0,54.9,2.36
STP,São Tomé and Principe,Sub-Saharan Africa,Afrique centrale,Lower middle income,Revenu intermédiaire (tranche inf.),2022,69.2,14.7,82.0,3.7,110.4,,78.0,77.6,48.5,2390.0,226305.0,58.6,2.39
STP,São Tomé and Principe,Sub-Saharan Africa,Afrique centrale,Lower middle income,Revenu intermédiaire (tranche inf.),2023,69.7,14.1,75.0,3.64,110.4,,81.3,77.8,48.6,2991.0,230871.0,58.7,2.99
TZA,Tanzania,Sub-Saharan Africa,Afrique de l'Est,Lower middle income,Revenu intermédiaire (tranche inf.),2000,53.2,128.0,568.0,5.67,69.5,,8.7,28.6,3.4,402.0,34260139.0,0.1,0.4
TZA,Tanzania,Sub-Saharan Africa,Afrique de l'Est,Lower middle income,Revenu intermédiaire (tranche inf.),2001,54.1,120.3,493.0,5.62,75.7,,9.7,29.9,4.7,397.0,35198299.0,0.2,0.4
TZA,Tanzania,Sub-Saharan Africa,Afrique de l'Est,Lower middle income,Revenu intermédiaire (tranche inf.),2002,54.9,112.4,454.0,5.57,90.6,69.4,10.7,31.1,6.0,403.0,36121304.0,0.2,0.4
TZA,Tanzania,Sub-Saharan Africa,Afrique de l'Est,Lower middle income,Revenu intermédiaire (tranche inf.),2003,55.9,105.0,397.0,5.58,96.9,,11.1,32.5,7.3,422.0,37089555.0,0.7,0.42
TZA,Tanzania,Sub-Saharan Africa,Afrique de l'Est,Lower middle income,Revenu intermédiaire (tranche inf.),2004,56.8,98.3,365.0,5.6,101.6,,11.4,33.9,8.7,450.0,38109668.0,0.9,0.45
TZA,Tanzania,Sub-Saharan Africa,Afrique de l'Est,Lower middle income,Revenu intermédiaire (tranche inf.),2005,57.7,92.2,350.0,5.58,105.0,,13.8,35.4,10.0,483.0,39182076.0,1.1,0.48
TZA,Tanzania,Sub-Saharan Africa,Afrique de l'Est,Lower middle income,Revenu intermédiaire (tranche inf.),2006,58.5,86.7,366.0,5.51,107.5,,14.9,36.9,11.4,476.0,40294902.0,1.3,0.48
TZA,Tanzania,Sub-Saharan Africa,Afrique de l'Est,Lower middle income,Revenu intermédiaire (tranche inf.),2007,59.3,81.3,453.0,5.4,108.8,,15.9,38.4,12.8,543.0,41435512.0,1.6,0.54
TZA,Tanzania,Sub-Saharan Africa,Afrique de l'Est,Lower middle income,Revenu intermédiaire (tranche inf.),2008,59.9,76.6,511.0,5.32,109.2,,11.5,39.9,14.1,676.0,42570728.0,1.9,0.68
TZA,Tanzania,Sub-Saharan Africa,Afrique de l'Est,Lower middle income,Revenu intermédiaire (tranche inf.),2009,60.5,72.0,502.0,5.26,103.5,,11.2,41.4,15.5,694.0,43633982.0,2.4,0.69
TZA,Tanzania,Sub-Saharan Africa,Afrique de l'Est,Lower middle income,Revenu intermédiaire (tranche inf.),2010,61.1,68.2,486.0,5.22,100.1,,14.8,43.0,16.9,737.0,44758488.0,2.9,0.74
TZA,Tanzania,Sub-Saharan Africa,Afrique de l'Est,Lower middle income,Revenu intermédiaire (tranche inf.),2011,61.6,64.6,475.0,5.14,95.1,,14.2,44.5,18.3,775.0,46029367.0,3.2,0.78
TZA,Tanzania,Sub-Saharan Africa,Afrique de l'Est,Lower middle income,Revenu intermédiaire (tranche inf.),2012,62.3,61.7,448.0,5.14,92.0,78.1,15.3,46.0,19.6,862.0,47374260.0,4.0,0.86
TZA,Tanzania,Sub-Saharan Africa,Afrique de l'Est,Lower middle income,Revenu intermédiaire (tranche inf.),2013,62.8,59.0,479.0,5.16,88.8,,16.4,47.6,21.0,963.0,48824128.0,4.4,0.96
TZA,Tanzania,Sub-Saharan Africa,Afrique de l'Est,Lower middle income,Revenu intermédiaire (tranche inf.),2014,63.4,56.3,454.0,5.12,85.9,79.9,23.5,49.1,22.5,1023.0,50351512.0,7.0,1.02
TZA,Tanzania,Sub-Saharan Africa,Afrique de l'Est,Lower middle income,Revenu intermédiaire (tranche inf.),2015,63.9,54.3,433.0,5.03,84.2,77.9,26.2,50.7,23.9,939.0,52020962.0,10.0,0.94
TZA,Tanzania,Sub-Saharan Africa,Afrique de l'Est,Lower middle income,Revenu intermédiaire (tranche inf.),2016,64.4,52.0,396.0,5.01,85.3,,32.8,52.2,25.3,953.0,53824013.0,13.5,0.95
TZA,Tanzania,Sub-Saharan Africa,Afrique de l'Est,Lower middle income,Revenu intermédiaire (tranche inf.),2017,65.0,49.8,345.0,4.99,89.6,,32.1,53.8,26.8,987.0,55652890.0,14.5,0.99
TZA,Tanzania,Sub-Saharan Africa,Afrique de l'Est,Lower middle income,Revenu intermédiaire (tranche inf.),2018,65.5,47.6,319.0,4.93,95.0,,34.9,55.3,28.2,1023.0,57437145.0,15.5,1.02
TZA,Tanzania,Sub-Saharan Africa,Afrique de l'Est,Lower middle income,Revenu intermédiaire (tranche inf.),2019,66.0,45.6,292.0,4.87,97.6,,37.7,56.9,29.7,1063.0,59174891.0,16.6,1.06
TZA,Tanzania,Sub-Saharan Africa,Afrique de l'Est,Lower middle income,Revenu intermédiaire (tranche inf.),2020,66.8,43.8,160.0,4.8,98.6,82.2,39.9,58.4,31.2,1117.0,60972798.0,19.5,1.12
TZA,Tanzania,Sub-Saharan Africa,Afrique de l'Est,Lower middle income,Revenu intermédiaire (tranche inf.),2021,66.1,41.7,162.0,4.73,98.7,,42.7,60.0,32.7,1160.0,62830412.0,22.9,1.16
TZA,Tanzania,Sub-Saharan Africa,Afrique de l'Est,Lower middle income,Revenu intermédiaire (tranche inf.),2022,66.9,40.1,152.0,4.67,90.6,78.2,45.8,61.5,34.2,1208.0,64711821.0,26.9,1.21
TZA,Tanzania,Sub-Saharan Africa,Afrique de l'Est,Lower middle income,Revenu intermédiaire (tranche inf.),2023,67.0,38.5,276.0,4.61,95.6,,48.3,63.1,35.7,1224.0,66617606.0,28.4,1.22
TGO,Togo,Sub-Saharan Africa,Afrique de l'Ouest,Lower middle income,Revenu intermédiaire (tranche inf.),2000,54.6,119.2,496.0,5.17,110.8,53.2,17.0,45.8,8.0,440.0,4783722.0,0.8,0.44
TGO,Togo,Sub-Saharan Africa,Afrique de l'Ouest,Lower middle income,Revenu intermédiaire (tranche inf.),2001,54.8,115.7,478.0,5.13,112.1,,19.6,47.2,8.3,427.0,4904144.0,0.9,0.43
TGO,Togo,Sub-Saharan Africa,Afrique de l'Ouest,Lower middle income,Revenu intermédiaire (tranche inf.),2002,55.0,112.2,447.0,5.09,113.7,,21.3,48.5,8.5,479.0,5027130.0,1.0,0.48
TGO,Togo,Sub-Saharan Africa,Afrique de l'Ouest,Lower middle income,Revenu intermédiaire (tranche inf.),2003,55.3,108.8,431.0,5.05,111.3,,23.0,49.9,8.7,580.0,5154112.0,1.2,0.58
TGO,Togo,Sub-Saharan Africa,Afrique de l'Ouest,Lower middle income,Revenu intermédiaire (tranche inf.),2004,55.6,105.5,431.0,4.99,110.3,,24.8,51.0,9.0,604.0,5281320.0,1.5,0.6
TGO,Togo,Sub-Saharan Africa,Afrique de l'Ouest,Lower middle income,Revenu intermédiaire (tranche inf.),2005,55.9,102.4,434.0,5.04,109.5,,26.5,51.9,9.6,595.0,5413154.0,1.8,0.6
TGO,Togo,Sub-Saharan Africa,Afrique de l'Ouest,Lower middle income,Revenu intermédiaire (tranche inf.),2006,56.2,99.3,453.0,5.08,113.1,56.9,27.9,52.9,10.3,596.0,5569664.0,2.0,0.6
TGO,Togo,Sub-Saharan Africa,Afrique de l'Ouest,Lower middle income,Revenu intermédiaire (tranche inf.),2007,56.4,96.5,448.0,5.1,107.2,,30.0,53.7,11.0,654.0,5748443.0,2.2,0.65
TGO,Togo,Sub-Saharan Africa,Afrique de l'Ouest,Lower middle income,Revenu intermédiaire (tranche inf.),2008,56.7,93.7,457.0,5.1,108.0,,31.8,54.6,11.7,771.0,5936138.0,2.4,0.77
TGO,Togo,Sub-Saharan Africa,Afrique de l'Ouest,Lower middle income,Revenu intermédiaire (tranche inf.),2009,56.9,90.9,471.0,5.1,122.0,57.1,33.7,55.4,12.5,770.0,6130946.0,2.6,0.77
TGO,Togo,Sub-Saharan Africa,Afrique de l'Ouest,Lower middle income,Revenu intermédiaire (tranche inf.),2010,57.2,88.3,497.0,5.09,124.7,57.2,30.8,56.1,13.3,750.0,6325788.0,3.0,0.75
TGO,Togo,Sub-Saharan Africa,Afrique de l'Ouest,Lower middle income,Revenu intermédiaire (tranche inf.),2011,57.6,85.6,501.0,4.98,122.8,60.4,39.7,56.9,14.1,834.0,6500582.0,3.5,0.83
TGO,Togo,Sub-Saharan Africa,Afrique de l'Ouest,Lower middle income,Revenu intermédiaire (tranche inf.),2012,58.0,82.9,506.0,4.85,125.8,,39.1,57.6,15.0,814.0,6653718.0,4.0,0.81
TGO,Togo,Sub-Saharan Africa,Afrique de l'Ouest,Lower middle income,Revenu intermédiaire (tranche inf.),2013,58.4,80.2,500.0,4.75,126.1,,41.0,58.3,15.8,886.0,6798848.0,4.5,0.89
TGO,Togo,Sub-Saharan Africa,Afrique de l'Ouest,Lower middle income,Revenu intermédiaire (tranche inf.),2014,58.8,77.7,490.0,4.7,122.3,,45.7,58.9,16.7,922.0,6937644.0,5.7,0.92
TGO,Togo,Sub-Saharan Africa,Afrique de l'Ouest,Lower middle income,Revenu intermédiaire (tranche inf.),2015,59.2,75.2,470.0,4.66,125.6,63.8,44.7,59.5,17.7,814.0,7071502.0,7.1,0.81
TGO,Togo,Sub-Saharan Africa,Afrique de l'Ouest,Lower middle income,Revenu intermédiaire (tranche inf.),2016,59.7,72.8,460.0,4.63,121.5,,46.8,60.1,18.6,843.0,7200884.0,11.3,0.84
TGO,Togo,Sub-Saharan Africa,Afrique de l'Ouest,Lower middle income,Revenu intermédiaire (tranche inf.),2017,60.1,70.4,443.0,4.58,119.4,61.0,48.0,60.6,19.6,872.0,7324386.0,12.4,0.87
TGO,Togo,Sub-Saharan Africa,Afrique de l'Ouest,Lower middle income,Revenu intermédiaire (tranche inf.),2018,60.6,68.1,435.0,4.51,117.8,,50.0,61.1,20.6,942.0,7458206.0,15.5,0.94
TGO,Togo,Sub-Saharan Africa,Afrique de l'Ouest,Lower middle income,Revenu intermédiaire (tranche inf.),2019,61.1,66.0,416.0,4.45,117.7,66.5,52.5,61.6,21.6,918.0,7619925.0,20.7,0.92
TGO,Togo,Sub-Saharan Africa,Afrique de l'Ouest,Lower middle income,Revenu intermédiaire (tranche inf.),2020,61.1,63.9,398.0,4.39,119.3,,54.1,62.0,22.7,961.0,7788054.0,29.0,0.96
TGO,Togo,Sub-Saharan Africa,Afrique de l'Ouest,Lower middle income,Revenu intermédiaire (tranche inf.),2021,61.3,62.0,397.0,4.32,117.0,,55.7,62.4,23.8,1076.0,7936176.0,30.3,1.08
TGO,Togo,Sub-Saharan Africa,Afrique de l'Ouest,Lower middle income,Revenu intermédiaire (tranche inf.),2022,62.3,60.0,362.0,4.25,118.4,72.6,57.2,62.8,24.9,1072.0,8068616.0,35.6,1.07
TGO,Togo,Sub-Saharan Africa,Afrique de l'Ouest,Lower middle income,Revenu intermédiaire (tranche inf.),2023,62.7,58.1,349.0,4.19,116.3,,59.2,63.8,25.0,1182.0,8223850.0,37.6,1.18
TUN,Tunisia,Middle East & North Africa,Afrique du Nord,Lower middle income,Revenu intermédiaire (tranche inf.),2000,72.6,29.2,56.0,2.02,114.6,,94.8,87.5,77.7,2199.0,9764935.0,2.8,2.2
TUN,Tunisia,Middle East & North Africa,Afrique du Nord,Lower middle income,Revenu intermédiaire (tranche inf.),2001,72.8,27.2,55.0,1.98,113.5,,97.3,87.8,78.3,2236.0,9869677.0,4.3,2.24
TUN,Tunisia,Middle East & North Africa,Afrique du Nord,Lower middle income,Revenu intermédiaire (tranche inf.),2002,73.1,25.5,53.0,1.94,112.2,,97.8,88.1,79.2,2321.0,9971515.0,5.3,2.32
TUN,Tunisia,Middle East & North Africa,Afrique du Nord,Lower middle income,Revenu intermédiaire (tranche inf.),2003,73.3,24.0,52.0,1.96,111.3,,98.4,88.4,80.2,2726.0,10071632.0,6.5,2.73
TUN,Tunisia,Middle East & North Africa,Afrique du Nord,Lower middle income,Revenu intermédiaire (tranche inf.),2004,73.5,22.7,50.0,1.95,110.6,74.3,99.0,88.7,81.1,3067.0,10166163.0,8.5,3.07
TUN,Tunisia,Middle East & North Africa,Afrique du Nord,Lower middle income,Revenu intermédiaire (tranche inf.),2005,73.7,21.6,49.0,1.95,109.9,,99.2,89.0,82.0,3147.0,10255472.0,9.7,3.15
TUN,Tunisia,Middle East & North Africa,Afrique du Nord,Lower middle income,Revenu intermédiaire (tranche inf.),2006,73.9,20.7,48.0,1.95,107.9,,99.4,89.2,82.9,3323.0,10346410.0,13.0,3.32
TUN,Tunisia,Middle East & North Africa,Afrique du Nord,Lower middle income,Revenu intermédiaire (tranche inf.),2007,74.0,20.0,46.0,1.96,103.9,77.2,99.4,89.5,83.8,3727.0,10441702.0,17.1,3.73
TUN,Tunisia,Middle East & North Africa,Afrique du Nord,Lower middle income,Revenu intermédiaire (tranche inf.),2008,74.2,19.4,45.0,1.98,102.4,77.7,99.4,89.9,84.7,4255.0,10542635.0,27.5,4.26
TUN,Tunisia,Middle East & North Africa,Afrique du Nord,Lower middle income,Revenu intermédiaire (tranche inf.),2009,74.3,19.0,44.0,2.0,102.5,,99.5,90.3,85.6,4080.0,10650681.0,34.1,4.08
TUN,Tunisia,Middle East & North Africa,Afrique du Nord,Lower middle income,Revenu intermédiaire (tranche inf.),2010,74.4,18.7,44.0,2.08,103.6,79.1,99.5,90.8,86.5,4292.0,10765980.0,36.8,4.29
TUN,Tunisia,Middle East & North Africa,Afrique du Nord,Lower middle income,Revenu intermédiaire (tranche inf.),2011,74.5,18.5,44.0,2.19,103.6,79.7,99.5,91.2,87.4,4421.0,10886035.0,39.1,4.42
TUN,Tunisia,Middle East & North Africa,Afrique du Nord,Lower middle income,Revenu intermédiaire (tranche inf.),2012,74.6,18.4,43.0,2.28,105.2,80.2,99.5,91.7,88.3,4297.0,11009647.0,41.4,4.3
TUN,Tunisia,Middle East & North Africa,Afrique du Nord,Lower middle income,Revenu intermédiaire (tranche inf.),2013,74.7,18.3,43.0,2.31,106.0,,99.7,92.1,89.2,4370.0,11141361.0,43.8,4.37
TUN,Tunisia,Middle East & North Africa,Afrique du Nord,Lower middle income,Revenu intermédiaire (tranche inf.),2014,74.8,18.3,42.0,2.32,106.9,79.0,99.8,92.6,90.1,4459.0,11274288.0,46.2,4.46
TUN,Tunisia,Middle East & North Africa,Afrique du Nord,Lower middle income,Revenu intermédiaire (tranche inf.),2015,74.9,18.2,40.0,2.31,106.9,,99.9,93.0,91.0,4015.0,11402264.0,46.5,4.01
TUN,Tunisia,Middle East & North Africa,Afrique du Nord,Lower middle income,Revenu intermédiaire (tranche inf.),2016,75.0,18.1,39.0,2.28,106.0,,100.0,93.4,91.9,3848.0,11528674.0,49.6,3.85
TUN,Tunisia,Middle East & North Africa,Afrique du Nord,Lower middle income,Revenu intermédiaire (tranche inf.),2017,75.2,17.9,38.0,2.2,105.6,,100.0,93.9,92.7,3619.0,11650498.0,55.5,3.62
TUN,Tunisia,Middle East & North Africa,Afrique du Nord,Lower middle income,Revenu intermédiaire (tranche inf.),2018,75.4,17.5,38.0,2.13,105.1,79.5,99.8,94.3,93.6,3628.0,11765514.0,64.2,3.63
TUN,Tunisia,Middle East & North Africa,Afrique du Nord,Lower middle income,Revenu intermédiaire (tranche inf.),2019,75.6,16.9,37.0,2.1,104.5,80.6,100.0,94.7,94.5,3529.0,11875081.0,66.7,3.53
TUN,Tunisia,Middle East & North Africa,Afrique du Nord,Lower middle income,Revenu intermédiaire (tranche inf.),2020,75.0,16.0,40.0,2.0,104.0,,99.9,95.1,95.4,3549.0,11974057.0,68.6,3.55
TUN,Tunisia,Middle East & North Africa,Afrique du Nord,Lower middle income,Revenu intermédiaire (tranche inf.),2021,72.9,15.0,65.0,1.8,104.3,83.7,99.9,95.5,96.3,3907.0,12048622.0,68.3,3.91
TUN,Tunisia,Middle East & North Africa,Afrique du Nord,Lower middle income,Revenu intermédiaire (tranche inf.),2022,76.0,13.9,38.0,1.85,104.1,,100.0,95.9,97.2,3707.0,12119334.0,68.3,3.71
TUN,Tunisia,Middle East & North Africa,Afrique du Nord,Lower middle income,Revenu intermédiaire (tranche inf.),2023,76.5,12.9,36.0,1.83,104.4,86.2,100.0,96.3,98.0,3951.0,12200431.0,68.3,3.95
UGA,Uganda,Sub-Saharan Africa,Afrique de l'Est,Low income,Revenu faible,2000,49.6,143.9,475.0,6.79,130.2,,7.4,26.2,14.7,258.0,24000150.0,0.2,0.26
UGA,Uganda,Sub-Saharan Africa,Afrique de l'Est,Low income,Revenu faible,2001,50.6,137.2,440.0,6.76,132.1,,8.6,27.5,15.1,236.0,24745676.0,0.2,0.24
UGA,Uganda,Sub-Saharan Africa,Afrique de l'Est,Low income,Revenu faible,2002,51.4,129.9,416.0,6.74,135.9,68.1,7.8,28.9,15.5,242.0,25532870.0,0.4,0.24
UGA,Uganda,Sub-Saharan Africa,Afrique de l'Est,Low income,Revenu faible,2003,52.4,122.1,395.0,6.67,136.6,,10.5,30.2,15.9,251.0,26352124.0,0.5,0.25
UGA,Uganda,Sub-Saharan Africa,Afrique de l'Est,Low income,Revenu faible,2004,53.7,114.2,384.0,6.61,127.9,,11.6,31.6,16.3,292.0,27154515.0,0.7,0.29
UGA,Uganda,Sub-Saharan Africa,Afrique de l'Est,Low income,Revenu faible,2005,54.9,106.5,417.0,6.52,121.5,,8.9,33.0,16.7,330.0,27963289.0,1.7,0.33
UGA,Uganda,Sub-Saharan Africa,Afrique de l'Est,Low income,Revenu faible,2006,56.1,99.2,409.0,6.43,120.1,71.4,9.0,34.4,17.1,347.0,28794003.0,2.5,0.35
UGA,Uganda,Sub-Saharan Africa,Afrique de l'Est,Low income,Revenu faible,2007,57.2,92.5,345.0,6.33,119.3,,14.8,35.8,17.4,401.0,29653430.0,3.7,0.4
UGA,Uganda,Sub-Saharan Africa,Afrique de l'Est,Low income,Revenu faible,2008,58.3,86.4,324.0,6.2,122.4,,15.9,37.3,17.8,473.0,30539553.0,3.9,0.47
UGA,Uganda,Sub-Saharan Africa,Afrique de l'Est,Low income,Revenu faible,2009,59.2,81.2,322.0,6.12,123.9,,10.0,38.8,18.2,799.0,31451151.0,4.1,0.8
UGA,Uganda,Sub-Saharan Africa,Afrique de l'Est,Low income,Revenu faible,2010,60.0,76.0,304.0,6.02,121.3,73.2,12.1,40.3,18.6,823.0,32390802.0,4.3,0.82
UGA,Uganda,Sub-Saharan Africa,Afrique de l'Est,Low income,Revenu faible,2011,60.8,70.9,295.0,5.88,113.9,,14.6,41.8,19.0,836.0,33354543.0,4.6,0.84
UGA,Uganda,Sub-Saharan Africa,Afrique de l'Est,Low income,Revenu faible,2012,61.6,66.5,285.0,5.73,113.7,70.2,20.5,43.4,19.4,795.0,34337438.0,4.8,0.8
UGA,Uganda,Sub-Saharan Africa,Afrique de l'Est,Low income,Revenu faible,2013,62.4,62.8,308.0,5.56,112.3,,13.9,44.9,19.8,818.0,35337042.0,5.1,0.82
UGA,Uganda,Sub-Saharan Africa,Afrique de l'Est,Low income,Revenu faible,2014,63.1,60.2,311.0,5.41,108.3,68.5,20.4,46.5,20.1,896.0,36395539.0,5.4,0.9
UGA,Uganda,Sub-Saharan Africa,Afrique de l'Est,Low income,Revenu faible,2015,63.8,57.9,299.0,5.25,104.2,,18.5,48.1,20.5,863.0,37531446.0,5.7,0.86
UGA,Uganda,Sub-Saharan Africa,Afrique de l'Est,Low income,Revenu faible,2016,64.5,55.6,272.0,5.11,106.5,69.1,26.7,49.7,20.9,753.0,38799152.0,5.9,0.75
UGA,Uganda,Sub-Saharan Africa,Afrique de l'Est,Low income,Revenu faible,2017,65.2,54.0,246.0,4.99,106.2,,32.4,51.3,21.3,765.0,40177388.0,7.4,0.76
UGA,Uganda,Sub-Saharan Africa,Afrique de l'Est,Low income,Revenu faible,2018,65.8,52.7,232.0,4.87,106.2,,41.9,53.0,21.7,792.0,41565831.0,9.3,0.79
UGA,Uganda,Sub-Saharan Africa,Afrique de l'Est,Low income,Revenu faible,2019,66.4,51.6,219.0,4.74,106.2,,41.3,54.6,22.0,822.0,42999637.0,11.7,0.82
UGA,Uganda,Sub-Saharan Africa,Afrique de l'Est,Low income,Revenu faible,2020,66.4,50.9,209.0,4.62,106.2,,42.1,56.3,22.4,846.0,44457152.0,7.4,0.85
UGA,Uganda,Sub-Saharan Africa,Afrique de l'Est,Low income,Revenu faible,2021,66.4,50.2,216.0,4.51,106.2,79.0,45.2,57.9,22.8,883.0,45910930.0,10.0,0.88
UGA,Uganda,Sub-Saharan Africa,Afrique de l'Est,Low income,Revenu faible,2022,67.7,50.0,184.0,4.39,106.2,,47.1,59.6,23.2,963.0,47312719.0,9.6,0.96
UGA,Uganda,Sub-Saharan Africa,Afrique de l'Est,Low income,Revenu faible,2023,68.3,49.4,170.0,4.28,106.2,80.5,51.5,61.3,23.5,1002.0,48656601.0,9.3,1.0
ZMB,Zambia,Sub-Saharan Africa,Afrique de l'Est,Lower middle income,Revenu intermédiaire (tranche inf.),2000,46.6,151.8,340.0,5.92,80.4,,16.7,46.2,21.0,359.0,10017631.0,0.2,0.36
ZMB,Zambia,Sub-Saharan Africa,Afrique de l'Est,Lower middle income,Revenu intermédiaire (tranche inf.),2001,47.4,143.2,306.0,5.85,80.2,,20.2,47.3,21.7,397.0,10325185.0,0.2,0.4
ZMB,Zambia,Sub-Saharan Africa,Afrique de l'Est,Lower middle income,Revenu intermédiaire (tranche inf.),2002,48.5,132.9,274.0,5.77,83.2,69.2,17.4,48.6,22.4,394.0,10647949.0,0.5,0.39
ZMB,Zambia,Sub-Saharan Africa,Afrique de l'Est,Lower middle income,Revenu intermédiaire (tranche inf.),2003,49.6,122.1,250.0,5.71,92.7,,18.5,49.8,23.1,446.0,10983595.0,1.0,0.45
ZMB,Zambia,Sub-Saharan Africa,Afrique de l'Est,Lower middle income,Revenu intermédiaire (tranche inf.),2004,50.5,111.7,260.0,5.7,102.3,,20.3,51.0,23.9,549.0,11338198.0,1.1,0.55
ZMB,Zambia,Sub-Saharan Africa,Afrique de l'Est,Lower middle income,Revenu intermédiaire (tranche inf.),2005,51.6,102.7,264.0,5.7,113.6,,23.3,52.2,24.6,711.0,11718819.0,1.3,0.71
ZMB,Zambia,Sub-Saharan Africa,Afrique de l'Est,Lower middle income,Revenu intermédiaire (tranche inf.),2006,52.7,94.8,262.0,5.68,114.7,,24.1,53.4,25.3,1052.0,12129553.0,1.6,1.05
ZMB,Zambia,Sub-Saharan Africa,Afrique de l'Est,Lower middle income,Revenu intermédiaire (tranche inf.),2007,53.7,89.1,324.0,5.61,115.8,,18.5,54.6,26.0,1119.0,12565085.0,1.9,1.12
ZMB,Zambia,Sub-Saharan Africa,Afrique de l'Est,Lower middle income,Revenu intermédiaire (tranche inf.),2008,54.8,84.2,394.0,5.53,117.1,,25.7,55.8,26.7,1376.0,13021324.0,2.2,1.38
ZMB,Zambia,Sub-Saharan Africa,Afrique de l'Est,Lower middle income,Revenu intermédiaire (tranche inf.),2009,55.9,78.4,406.0,5.45,110.9,,26.6,56.9,27.4,1136.0,13490389.0,2.5,1.14
ZMB,Zambia,Sub-Saharan Africa,Afrique de l'Est,Lower middle income,Revenu intermédiaire (tranche inf.),2010,56.9,74.3,332.0,5.36,109.9,83.1,22.0,58.1,28.1,1451.0,13965594.0,3.0,1.45
ZMB,Zambia,Sub-Saharan Africa,Afrique de l'Est,Lower middle income,Revenu intermédiaire (tranche inf.),2011,57.8,71.8,291.0,5.26,111.4,,28.3,59.2,28.8,1625.0,14437796.0,3.5,1.62
ZMB,Zambia,Sub-Saharan Africa,Afrique de l'Est,Lower middle income,Revenu intermédiaire (tranche inf.),2012,58.7,69.2,256.0,5.14,111.6,,29.2,60.4,29.4,1710.0,14913629.0,4.1,1.71
ZMB,Zambia,Sub-Saharan Africa,Afrique de l'Est,Lower middle income,Revenu intermédiaire (tranche inf.),2013,59.4,66.0,213.0,5.01,105.9,,30.1,61.5,30.1,1821.0,15398997.0,4.8,1.82
ZMB,Zambia,Sub-Saharan Africa,Afrique de l'Est,Lower middle income,Revenu intermédiaire (tranche inf.),2014,60.1,62.6,174.0,4.89,107.1,,27.9,62.6,30.8,1707.0,15895315.0,6.5,1.71
ZMB,Zambia,Sub-Saharan Africa,Afrique de l'Est,Lower middle income,Revenu intermédiaire (tranche inf.),2015,60.7,60.2,154.0,4.78,103.4,,31.1,63.7,31.4,1296.0,16399089.0,8.8,1.3
ZMB,Zambia,Sub-Saharan Africa,Afrique de l'Est,Lower middle income,Revenu intermédiaire (tranche inf.),2016,61.1,57.1,158.0,4.67,99.6,,35.4,64.8,32.0,1239.0,16914423.0,10.3,1.24
ZMB,Zambia,Sub-Saharan Africa,Afrique de l'Est,Lower middle income,Revenu intermédiaire (tranche inf.),2017,61.6,55.2,141.0,4.57,98.8,,40.3,65.9,32.7,1483.0,17441320.0,12.2,1.48
ZMB,Zambia,Sub-Saharan Africa,Afrique de l'Est,Lower middle income,Revenu intermédiaire (tranche inf.),2018,62.1,54.7,117.0,4.49,98.8,71.1,40.2,67.0,33.3,1464.0,17973569.0,14.3,1.46
ZMB,Zambia,Sub-Saharan Africa,Afrique de l'Est,Lower middle income,Revenu intermédiaire (tranche inf.),2019,62.9,53.5,103.0,4.42,98.8,,43.0,68.1,33.9,1259.0,18513839.0,14.5,1.26
ZMB,Zambia,Sub-Saharan Africa,Afrique de l'Est,Lower middle income,Revenu intermédiaire (tranche inf.),2020,63.4,52.5,99.0,4.32,98.8,81.8,44.6,69.1,34.5,952.0,19059395.0,14.6,0.95
ZMB,Zambia,Sub-Saharan Africa,Afrique de l'Est,Lower middle income,Revenu intermédiaire (tranche inf.),2021,62.4,50.4,140.0,4.25,98.8,79.9,46.7,70.2,35.2,1127.0,19603607.0,14.8,1.13
ZMB,Zambia,Sub-Saharan Africa,Afrique de l'Est,Lower middle income,Revenu intermédiaire (tranche inf.),2022,65.3,49.5,89.0,4.18,98.8,80.0,47.8,71.3,36.0,1447.0,20152938.0,15.0,1.45
ZMB,Zambia,Sub-Saharan Africa,Afrique de l'Est,Lower middle income,Revenu intermédiaire (tranche inf.),2023,66.3,49.1,85.0,4.1,98.8,,51.1,72.4,36.7,1331.0,20723965.0,16.5,1.33
ZWE,Zimbabwe,Sub-Saharan Africa,Afrique de l'Est,Lower middle income,Revenu intermédiaire (tranche inf.),2000,46.0,99.4,405.0,4.01,112.0,,33.7,67.9,44.5,563.0,11892055.0,0.4,0.56
ZWE,Zimbabwe,Sub-Saharan Africa,Afrique de l'Est,Lower middle income,Revenu intermédiaire (tranche inf.),2001,44.5,96.3,467.0,3.98,116.9,,34.2,68.1,44.6,566.0,11971901.0,0.8,0.57
ZWE,Zimbabwe,Sub-Saharan Africa,Afrique de l'Est,Lower middle income,Revenu intermédiaire (tranche inf.),2002,45.9,93.8,418.0,3.92,111.6,,34.2,68.3,44.8,525.0,12087653.0,1.1,0.52
ZWE,Zimbabwe,Sub-Saharan Africa,Afrique de l'Est,Lower middle income,Revenu intermédiaire (tranche inf.),2003,45.4,91.9,455.0,3.86,109.8,,35.1,68.2,44.9,468.0,12232323.0,1.8,0.47
ZWE,Zimbabwe,Sub-Saharan Africa,Afrique de l'Est,Lower middle income,Revenu intermédiaire (tranche inf.),2004,46.0,91.2,451.0,3.78,108.7,,35.6,68.2,44.9,470.0,12365896.0,2.1,0.47
ZWE,Zimbabwe,Sub-Saharan Africa,Afrique de l'Est,Lower middle income,Revenu intermédiaire (tranche inf.),2005,46.6,91.6,454.0,3.69,107.6,,36.1,68.1,44.3,461.0,12483432.0,2.4,0.46
ZWE,Zimbabwe,Sub-Saharan Africa,Afrique de l'Est,Lower middle income,Revenu intermédiaire (tranche inf.),2006,47.1,87.6,480.0,3.64,106.6,,37.2,68.0,43.6,431.0,12636445.0,2.4,0.43
ZWE,Zimbabwe,Sub-Saharan Africa,Afrique de l'Est,Lower middle income,Revenu intermédiaire (tranche inf.),2007,47.6,90.6,519.0,3.68,105.5,,37.2,67.9,43.0,414.0,12804058.0,3.0,0.41
ZWE,Zimbabwe,Sub-Saharan Africa,Afrique de l'Est,Lower middle income,Revenu intermédiaire (tranche inf.),2008,48.5,91.1,526.0,3.78,104.4,,37.7,67.9,42.4,341.0,12959149.0,3.5,0.34
ZWE,Zimbabwe,Sub-Saharan Africa,Afrique de l'Est,Lower middle income,Revenu intermédiaire (tranche inf.),2009,49.8,89.8,540.0,3.95,103.3,,43.4,67.8,41.8,736.0,13142790.0,4.0,0.74
ZWE,Zimbabwe,Sub-Saharan Africa,Afrique de l'Est,Lower middle income,Revenu intermédiaire (tranche inf.),2010,51.9,85.2,567.0,4.04,102.3,,38.9,67.7,41.2,902.0,13356548.0,6.4,0.9
ZWE,Zimbabwe,Sub-Saharan Africa,Afrique de l'Est,Lower middle income,Revenu intermédiaire (tranche inf.),2011,53.9,77.2,564.0,4.13,101.2,,36.9,67.6,40.5,1038.0,13595424.0,8.4,1.04
ZWE,Zimbabwe,Sub-Saharan Africa,Afrique de l'Est,Lower middle income,Revenu intermédiaire (tranche inf.),2012,55.4,68.0,558.0,4.13,100.1,,44.0,67.6,39.9,1239.0,13817887.0,12.0,1.24
ZWE,Zimbabwe,Sub-Saharan Africa,Afrique de l'Est,Lower middle income,Revenu intermédiaire (tranche inf.),2013,56.8,62.6,525.0,4.11,99.2,,40.6,67.5,39.3,1363.0,14013808.0,15.5,1.36
ZWE,Zimbabwe,Sub-Saharan Africa,Afrique de l'Est,Lower middle income,Revenu intermédiaire (tranche inf.),2014,58.1,59.8,468.0,4.01,98.2,,32.3,67.4,38.7,1373.0,14207359.0,16.4,1.37
ZWE,Zimbabwe,Sub-Saharan Africa,Afrique de l'Est,Lower middle income,Revenu intermédiaire (tranche inf.),2015,59.0,59.2,428.0,3.91,97.2,,33.7,67.3,38.1,1387.0,14399013.0,22.7,1.39
ZWE,Zimbabwe,Sub-Saharan Africa,Afrique de l'Est,Lower middle income,Revenu intermédiaire (tranche inf.),2016,59.8,57.5,411.0,3.83,95.7,,42.5,67.3,37.5,1408.0,14600294.0,23.1,1.41
ZWE,Zimbabwe,Sub-Saharan Africa,Afrique de l'Est,Lower middle income,Revenu intermédiaire (tranche inf.),2017,60.3,56.7,389.0,3.77,94.3,,44.0,67.2,36.9,3445.0,14812482.0,24.4,3.44
ZWE,Zimbabwe,Sub-Saharan Africa,Afrique de l'Est,Lower middle income,Revenu intermédiaire (tranche inf.),2018,60.9,56.3,386.0,3.74,93.8,,45.4,67.2,36.4,2271.0,15034452.0,25.0,2.27
ZWE,Zimbabwe,Sub-Saharan Africa,Afrique de l'Est,Lower middle income,Revenu intermédiaire (tranche inf.),2019,61.1,58.6,388.0,3.75,93.4,93.2,46.7,67.2,35.8,2185.0,15271368.0,26.6,2.18
ZWE,Zimbabwe,Sub-Saharan Africa,Afrique de l'Est,Lower middle income,Revenu intermédiaire (tranche inf.),2020,61.5,61.7,380.0,3.75,93.6,,52.7,67.2,35.2,2060.0,15526888.0,29.3,2.06
ZWE,Zimbabwe,Sub-Saharan Africa,Afrique de l'Est,Lower middle income,Revenu intermédiaire (tranche inf.),2021,60.1,62.4,446.0,3.76,92.8,,49.0,67.2,34.6,2614.0,15797210.0,32.6,2.61
ZWE,Zimbabwe,Sub-Saharan Africa,Afrique de l'Est,Lower middle income,Revenu intermédiaire (tranche inf.),2022,62.4,64.0,368.0,3.77,93.2,,50.1,67.2,34.6,2536.0,16069056.0,36.3,2.54
ZWE,Zimbabwe,Sub-Saharan Africa,Afrique de l'Est,Lower middle income,Revenu intermédiaire (tranche inf.),2023,62.8,64.2,358.0,3.72,93.2,,62.0,67.2,34.6,2195.0,16340822.0,38.7,2.19
